model,model_family,feature_set,seed,fold,threshold,train_auc,train_ap,train_accuracy,train_f1,train_precision,train_recall,train_brier,train_positives,train_n,validation_auc,validation_ap,validation_accuracy,validation_f1,validation_precision,validation_recall,validation_brier,validation_positives,validation_n,test_auc,test_ap,test_accuracy,test_f1,test_precision,test_recall,test_brier,test_positives,test_n,best_epoch,best_val_ap,patience,max_epochs,early_stopped,hidden_dim
random,network_heuristic,native_score,11,0,0.05,0.5458333333333333,0.766938087688114,0.672566371681416,0.7978142076502732,0.7087378640776699,0.9125,0.3239229986644873,80,113,0.5020161290322581,0.7205817750113508,0.7117117117117117,0.8260869565217392,0.7307692307692307,0.95,0.3489989730102389,80,111,0.5481481481481482,0.717743434756887,0.6637931034482759,0.7979274611398963,0.6875,0.9506172839506173,0.3346111974657641,81,116,,,,,,
degree_centrality,network_heuristic,native_score,11,0,0.05,0.4861742424242424,0.7071904930013019,0.6902654867256637,0.8167539267015707,0.7027027027027027,0.975,0.31139380530973454,80,113,0.5415322580645161,0.6986813839272015,0.7297297297297297,0.8421052631578948,0.7272727272727273,1.0,0.26180180180180185,80,111,0.5155202821869489,0.6498407823786657,0.7155172413793104,0.8307692307692308,0.7105263157894737,1.0,0.28314655172413794,81,116,,,,,,
weighted_degree,network_heuristic,native_score,11,0,0.05,0.45018939393939394,0.6687449557585459,0.49557522123893805,0.6013986013986015,0.6825396825396826,0.5375,0.5814505971781333,80,113,0.4949596774193548,0.7275201092867782,0.5315315315315315,0.6533333333333333,0.7,0.6125,0.5584688399988904,80,111,0.3747795414462081,0.6489016325244767,0.46551724137931033,0.5866666666666667,0.6376811594202898,0.5432098765432098,0.5827057909291544,81,116,,,,,,
betweenness_centrality,network_heuristic,native_score,11,0,0.05,0.5543560606060606,0.7311944475606167,0.4778761061946903,0.49572649572649574,0.7837837837837838,0.3625,0.5453097345132744,80,113,0.5274193548387097,0.7272782526040726,0.43243243243243246,0.4424778761061947,0.7575757575757576,0.3125,0.5845611938469082,80,111,0.5518518518518518,0.7118338232053597,0.47413793103448276,0.4786324786324786,0.7777777777777778,0.345679012345679,0.5461685823754789,81,116,,,,,,
closeness_centrality,network_heuristic,native_score,11,0,0.05,0.5047348484848485,0.7026568111882743,0.40707964601769914,0.42735042735042733,0.6756756756756757,0.3125,0.6499725165333292,80,113,0.4844758064516129,0.725039443335924,0.36036036036036034,0.31067961165048547,0.6956521739130435,0.2,0.6550607792002819,80,111,0.6835978835978836,0.8371920664236943,0.47413793103448276,0.42990654205607476,0.8846153846153846,0.2839506172839506,0.6276523881167834,81,116,,,,,,
composite_risk_score,network_heuristic,native_score,11,0,0.05,0.4577651515151515,0.6977842358235692,0.6902654867256637,0.8167539267015707,0.7027027027027027,0.975,0.271720207231859,80,113,0.5066532258064517,0.7553964066439856,0.7297297297297297,0.8421052631578948,0.7272727272727273,1.0,0.25071596130519663,80,111,0.40811287477954145,0.6366840101809331,0.7068965517241379,0.826530612244898,0.7043478260869566,1.0,0.2766272022288221,81,116,,,,,,
gaussian_naive_bayes,traditional_ml,full,11,0,0.30999999999999994,0.6208333333333333,0.7906629068575816,0.7168141592920354,0.8241758241758242,0.7352941176470589,0.9375,0.215277146715711,80,113,0.5512096774193549,0.7290313474425533,0.7207207207207207,0.8306010928961749,0.7378640776699029,0.95,0.23604000953096688,80,111,0.5280423280423281,0.6838157097267117,0.6810344827586207,0.8,0.7115384615384616,0.9135802469135802,0.2511091893578145,81,116,,,,,,
no_graph_logistic,traditional_ml,full,11,0,0.4699999999999999,0.668939393939394,0.8151384483388593,0.7345132743362832,0.8421052631578948,0.7272727272727273,1.0,0.24917900608896063,80,113,0.6451612903225806,0.8293378754834213,0.7387387387387387,0.8465608465608466,0.7339449541284404,1.0,0.2500321528363787,80,111,0.6349206349206349,0.7827058592262857,0.6982758620689655,0.8205128205128205,0.7017543859649122,0.9876543209876543,0.24917658191566253,81,116,69.0,0.8293378754834213,50.0,800.0,True,
no_graph_mlp,traditional_ml,full,11,0,0.05,0.618560606060606,0.7915117910957118,0.7079646017699115,0.8290155440414507,0.7079646017699115,1.0,0.250209732145852,80,113,0.5604838709677419,0.7570005209123181,0.7207207207207207,0.837696335078534,0.7207207207207207,1.0,0.25044626976131484,80,111,0.5668430335097002,0.7523270193128437,0.6982758620689655,0.8223350253807107,0.6982758620689655,1.0,0.2502971138939539,81,116,146.0,0.7570005209123181,50.0,800.0,True,8.0
graphsage_mean_neighbor,graph_model,full,11,0,0.05,0.6662878787878788,0.8211023032967484,0.7079646017699115,0.8290155440414507,0.7079646017699115,1.0,0.23993689185835212,80,113,0.6395161290322581,0.8404348450730262,0.7207207207207207,0.837696335078534,0.7207207207207207,1.0,0.24291842576786346,80,111,0.6278659611992945,0.7697138029927046,0.6982758620689655,0.8223350253807107,0.6982758620689655,1.0,0.2411073337306485,81,116,182.0,0.8404348450730262,50.0,800.0,True,
random,network_heuristic,native_score,11,1,0.09999999999999999,0.5114638447971781,0.6926514271258046,0.6724137931034483,0.7956989247311829,0.7047619047619048,0.9135802469135802,0.31962630832222305,81,116,0.5571969696969697,0.7387715038058238,0.7168141592920354,0.8222222222222222,0.74,0.925,0.3117104089471275,80,113,0.5350806451612903,0.7564036248719566,0.6846846846846847,0.8087431693989071,0.7184466019417476,0.925,0.31005838253935064,80,111,,,,,,
degree_centrality,network_heuristic,native_score,11,1,0.05,0.5155202821869489,0.6498407823786657,0.7155172413793104,0.8307692307692308,0.7105263157894737,1.0,0.28314655172413794,81,116,0.4861742424242424,0.7071904930013019,0.6902654867256637,0.8167539267015707,0.7027027027027027,0.975,0.31139380530973454,80,113,0.5415322580645161,0.6986813839272015,0.7297297297297297,0.8421052631578948,0.7272727272727273,1.0,0.26180180180180185,80,111,,,,,,
weighted_degree,network_heuristic,native_score,11,1,0.05,0.3747795414462081,0.6489016325244767,0.46551724137931033,0.5866666666666667,0.6376811594202898,0.5432098765432098,0.5827057909291544,81,116,0.45018939393939394,0.6687449557585459,0.49557522123893805,0.6013986013986015,0.6825396825396826,0.5375,0.5814505971781333,80,113,0.4949596774193548,0.7275201092867782,0.5315315315315315,0.6533333333333333,0.7,0.6125,0.5584688399988904,80,111,,,,,,
betweenness_centrality,network_heuristic,native_score,11,1,0.05,0.5518518518518518,0.7118338232053597,0.47413793103448276,0.4786324786324786,0.7777777777777778,0.345679012345679,0.5461685823754789,81,116,0.5543560606060606,0.7311944475606167,0.4778761061946903,0.49572649572649574,0.7837837837837838,0.3625,0.5453097345132744,80,113,0.5274193548387097,0.7272782526040726,0.43243243243243246,0.4424778761061947,0.7575757575757576,0.3125,0.5845611938469082,80,111,,,,,,
closeness_centrality,network_heuristic,native_score,11,1,0.05,0.6835978835978836,0.8371920664236943,0.47413793103448276,0.42990654205607476,0.8846153846153846,0.2839506172839506,0.6276523881167834,81,116,0.5047348484848485,0.7026568111882743,0.40707964601769914,0.42735042735042733,0.6756756756756757,0.3125,0.6499725165333292,80,113,0.4844758064516129,0.725039443335924,0.36036036036036034,0.31067961165048547,0.6956521739130435,0.2,0.6550607792002819,80,111,,,,,,
composite_risk_score,network_heuristic,native_score,11,1,0.05,0.40811287477954145,0.6366840101809331,0.7068965517241379,0.826530612244898,0.7043478260869566,1.0,0.2766272022288221,81,116,0.4577651515151515,0.6977842358235692,0.6902654867256637,0.8167539267015707,0.7027027027027027,0.975,0.271720207231859,80,113,0.5066532258064517,0.7553964066439856,0.7297297297297297,0.8421052631578948,0.7272727272727273,1.0,0.25071596130519663,80,111,,,,,,
gaussian_naive_bayes,traditional_ml,full,11,1,0.10999999999999999,0.7407407407407407,0.8588532651010633,0.75,0.8415300546448087,0.7549019607843137,0.9506172839506173,0.1998446014711414,81,116,0.4979166666666667,0.7066816507828759,0.6991150442477876,0.8191489361702128,0.7129629629629629,0.9625,0.2842793995675998,80,113,0.5568548387096774,0.760169288700798,0.7387387387387387,0.8449197860962567,0.7383177570093458,0.9875,0.24368117402002645,80,111,,,,,,
no_graph_logistic,traditional_ml,full,11,1,0.3999999999999999,0.7072310405643739,0.8366286107208273,0.6896551724137931,0.8163265306122449,0.6956521739130435,0.9876543209876543,0.2327009086023483,81,116,0.6178030303030303,0.768705870457093,0.7256637168141593,0.837696335078534,0.7207207207207207,1.0,0.24173083684237417,80,113,0.6137096774193549,0.8088674336697851,0.7207207207207207,0.837696335078534,0.7207207207207207,1.0,0.23803654444195663,80,111,186.0,0.768705870457093,50.0,800.0,True,
no_graph_mlp,traditional_ml,full,11,1,0.05,0.5308641975308642,0.730230155214094,0.6982758620689655,0.8223350253807107,0.6982758620689655,1.0,0.249925964166855,81,116,0.4681818181818182,0.7353389302577966,0.7079646017699115,0.8290155440414507,0.7079646017699115,1.0,0.24998726660267445,80,113,0.4588709677419355,0.6884453376816021,0.7207207207207207,0.837696335078534,0.7207207207207207,1.0,0.24989291765765692,80,111,112.0,0.7353389302577966,50.0,800.0,True,8.0
graphsage_mean_neighbor,graph_model,full,11,1,0.30999999999999994,0.764021164021164,0.8844315700960589,0.6896551724137931,0.8163265306122449,0.6956521739130435,0.9876543209876543,0.21574958787977447,81,116,0.6117424242424242,0.7740048105079371,0.7168141592920354,0.8333333333333333,0.7142857142857143,1.0,0.2422634490173588,80,113,0.6056451612903225,0.8216160963258081,0.7207207207207207,0.837696335078534,0.7207207207207207,1.0,0.23774829954680451,80,111,346.0,0.7740048105079371,50.0,800.0,True,
random,network_heuristic,native_score,11,2,0.05,0.5266129032258065,0.741810701487845,0.7117117117117117,0.8279569892473119,0.7264150943396226,0.9625,0.32987046081208166,80,111,0.4158730158730159,0.6352915226966649,0.6551724137931034,0.7872340425531914,0.6915887850467289,0.9135802469135802,0.38895475752754727,81,116,0.4268939393939394,0.7113064462812659,0.6814159292035398,0.8085106382978724,0.7037037037037037,0.95,0.368513855897866,80,113,,,,,,
degree_centrality,network_heuristic,native_score,11,2,0.05,0.5415322580645161,0.6986813839272015,0.7297297297297297,0.8421052631578948,0.7272727272727273,1.0,0.26180180180180185,80,111,0.5155202821869489,0.6498407823786657,0.7155172413793104,0.8307692307692308,0.7105263157894737,1.0,0.28314655172413794,81,116,0.4861742424242424,0.7071904930013019,0.6902654867256637,0.8167539267015707,0.7027027027027027,0.975,0.31139380530973454,80,113,,,,,,
weighted_degree,network_heuristic,native_score,11,2,0.05,0.4949596774193548,0.7275201092867782,0.5315315315315315,0.6533333333333333,0.7,0.6125,0.5584688399988904,80,111,0.3747795414462081,0.6489016325244767,0.46551724137931033,0.5866666666666667,0.6376811594202898,0.5432098765432098,0.5827057909291544,81,116,0.45018939393939394,0.6687449557585459,0.49557522123893805,0.6013986013986015,0.6825396825396826,0.5375,0.5814505971781333,80,113,,,,,,
betweenness_centrality,network_heuristic,native_score,11,2,0.05,0.5274193548387097,0.7272782526040726,0.43243243243243246,0.4424778761061947,0.7575757575757576,0.3125,0.5845611938469082,80,111,0.5518518518518518,0.7118338232053597,0.47413793103448276,0.4786324786324786,0.7777777777777778,0.345679012345679,0.5461685823754789,81,116,0.5543560606060606,0.7311944475606167,0.4778761061946903,0.49572649572649574,0.7837837837837838,0.3625,0.5453097345132744,80,113,,,,,,
closeness_centrality,network_heuristic,native_score,11,2,0.05,0.4844758064516129,0.725039443335924,0.36036036036036034,0.31067961165048547,0.6956521739130435,0.2,0.6550607792002819,80,111,0.6835978835978836,0.8371920664236943,0.47413793103448276,0.42990654205607476,0.8846153846153846,0.2839506172839506,0.6276523881167834,81,116,0.5047348484848485,0.7026568111882743,0.40707964601769914,0.42735042735042733,0.6756756756756757,0.3125,0.6499725165333292,80,113,,,,,,
composite_risk_score,network_heuristic,native_score,11,2,0.18,0.5066532258064517,0.7553964066439856,0.7297297297297297,0.8421052631578948,0.7272727272727273,1.0,0.25071596130519663,80,111,0.40811287477954145,0.6366840101809331,0.7155172413793104,0.8290155440414507,0.7142857142857143,0.9876543209876543,0.2766272022288221,81,116,0.4577651515151515,0.6977842358235692,0.6814159292035398,0.8105263157894735,0.7,0.9625,0.271720207231859,80,113,,,,,,
gaussian_naive_bayes,traditional_ml,full,11,2,0.6499999999999999,0.6483870967741936,0.7991720410915824,0.6396396396396397,0.7222222222222223,0.8125,0.65,0.23503236104349587,80,111,0.6261022927689595,0.7913508309608557,0.6896551724137931,0.7777777777777778,0.7777777777777778,0.7777777777777778,0.27710710914010234,81,116,0.4960227272727273,0.7252490556011515,0.5486725663716814,0.670967741935484,0.6933333333333334,0.65,0.30994332677582287,80,113,,,,,,
no_graph_logistic,traditional_ml,full,11,2,0.41999999999999993,0.6528225806451613,0.7807946132553162,0.7207207207207207,0.837696335078534,0.7207207207207207,1.0,0.24100327604400207,80,111,0.6105820105820106,0.7805242314456755,0.7068965517241379,0.8247422680412372,0.7079646017699115,0.9876543209876543,0.24365479908117937,81,116,0.6227272727272727,0.7580036469634074,0.6991150442477876,0.8229166666666667,0.7053571428571429,0.9875,0.2424290892331857,80,113,219.0,0.7805242314456755,50.0,800.0,True,
no_graph_mlp,traditional_ml,full,11,2,0.05,0.5604838709677419,0.75076803566074,0.7207207207207207,0.837696335078534,0.7207207207207207,1.0,0.2510400846237911,80,111,0.5026455026455027,0.7112994540108138,0.6982758620689655,0.8223350253807107,0.6982758620689655,1.0,0.25093247786753997,81,116,0.5609848484848485,0.7928462682296252,0.7079646017699115,0.8290155440414507,0.7079646017699115,1.0,0.2508084562997732,80,113,2.0,0.7112994540108138,50.0,800.0,True,8.0
graphsage_mean_neighbor,graph_model,full,11,2,0.3,0.694758064516129,0.8707156723596301,0.7207207207207207,0.837696335078534,0.7207207207207207,1.0,0.22596788439268253,80,111,0.6112874779541446,0.7767388220926825,0.7155172413793104,0.8307692307692308,0.7105263157894737,1.0,0.23245415603738698,81,116,0.6628787878787878,0.8166694347010948,0.7079646017699115,0.8290155440414507,0.7079646017699115,1.0,0.22799119706366502,80,113,618.0,0.7767388220926825,50.0,800.0,True,
random,network_heuristic,native_score,23,0,0.05,0.46515151515151515,0.7326914412935653,0.6902654867256637,0.8148148148148149,0.7064220183486238,0.9625,0.36737130803391754,80,113,0.5528225806451613,0.7760155037460961,0.6846846846846847,0.8087431693989071,0.7184466019417476,0.925,0.33119429126966426,80,111,0.546031746031746,0.7516192269253146,0.6896551724137931,0.8125,0.7027027027027027,0.9629629629629629,0.3246014448764511,81,116,,,,,,
degree_centrality,network_heuristic,native_score,23,0,0.05,0.531439393939394,0.7016037296167248,0.7168141592920354,0.8333333333333333,0.7142857142857143,1.0,0.2735066371681416,80,113,0.5185483870967742,0.7191978661796185,0.7297297297297297,0.8421052631578948,0.7272727272727273,1.0,0.2708108108108108,80,111,0.491005291005291,0.6309201681122569,0.6896551724137931,0.8144329896907216,0.6991150442477876,0.9753086419753086,0.3114331896551724,81,116,,,,,,
weighted_degree,network_heuristic,native_score,23,0,0.05,0.44450757575757577,0.677218663698284,0.4424778761061947,0.5401459854014599,0.6491228070175439,0.4625,0.5889897208161073,80,113,0.4727822580645161,0.7366548541174682,0.5675675675675675,0.6962025316455697,0.7051282051282052,0.6875,0.5530067387890427,80,111,0.4015873015873016,0.651607328260918,0.4827586206896552,0.5945945945945946,0.6567164179104478,0.5432098765432098,0.5805883104395166,81,116,,,,,,
betweenness_centrality,network_heuristic,native_score,23,0,0.05,0.5278409090909091,0.7315708486678407,0.46017699115044247,0.4873949579831932,0.7435897435897436,0.3625,0.544228121927237,80,113,0.5018145161290323,0.7179021111942989,0.4144144144144144,0.42477876106194684,0.7272727272727273,0.3,0.6000767093624236,80,111,0.5987654320987654,0.7301000384251695,0.5086206896551724,0.5043478260869566,0.8529411764705882,0.35802469135802467,0.5323754789272029,81,116,,,,,,
closeness_centrality,network_heuristic,native_score,23,0,0.05,0.5183712121212121,0.7068001348023975,0.4336283185840708,0.44827586206896547,0.7222222222222222,0.325,0.6487636826037204,80,113,0.5689516129032258,0.774636106104494,0.3783783783783784,0.33009708737864074,0.7391304347826086,0.2125,0.6510359104477702,80,111,0.5874779541446208,0.7833171591472851,0.43103448275862066,0.3888888888888889,0.7777777777777778,0.25925925925925924,0.6326813421303578,81,116,,,,,,
composite_risk_score,network_heuristic,native_score,23,0,0.18,0.49962121212121213,0.7199550762247631,0.7168141592920354,0.8315789473684211,0.7181818181818181,0.9875,0.24926312580338386,80,113,0.47923387096774195,0.7160813467039269,0.7297297297297297,0.8421052631578948,0.7272727272727273,1.0,0.2567383922082428,80,111,0.3961199294532628,0.6460801658655632,0.6810344827586207,0.8082901554404144,0.6964285714285714,0.9629629629629629,0.2927406537045081,81,116,,,,,,
gaussian_naive_bayes,traditional_ml,full,23,0,0.72,0.6284090909090909,0.7590137404941601,0.7256637168141593,0.8268156424581006,0.7474747474747475,0.925,0.22943475216310621,80,113,0.6237903225806452,0.8015774568799738,0.7117117117117117,0.813953488372093,0.7608695652173914,0.875,0.25759695470926464,80,111,0.5675485008818342,0.7634821303540706,0.603448275862069,0.7261904761904762,0.7011494252873564,0.7530864197530864,0.29219027525241603,81,116,,,,,,
no_graph_logistic,traditional_ml,full,23,0,0.4799999999999999,0.568939393939394,0.7466087825459884,0.7256637168141593,0.8359788359788359,0.7247706422018348,0.9875,0.2472807334708561,80,113,0.7084677419354839,0.8793107746874018,0.7297297297297297,0.8421052631578948,0.7272727272727273,1.0,0.2464938032051402,80,111,0.6116402116402117,0.7727246639247372,0.6896551724137931,0.8144329896907216,0.6991150442477876,0.9753086419753086,0.2481083291915066,81,116,127.0,0.8793107746874018,50.0,800.0,True,
no_graph_mlp,traditional_ml,full,23,0,0.49999999999999994,0.5424242424242425,0.744712240188309,0.7168141592920354,0.8315789473684211,0.7181818181818181,0.9875,0.24929087727979632,80,113,0.6270161290322581,0.8056245675618561,0.7477477477477478,0.851063829787234,0.7407407407407407,1.0,0.2492163051661383,80,111,0.4049382716049383,0.638278073747202,0.6724137931034483,0.8020833333333333,0.6936936936936937,0.9506172839506173,0.24954082096642127,81,116,96.0,0.8056245675618561,50.0,800.0,True,8.0
graphsage_mean_neighbor,graph_model,full,23,0,0.48999999999999994,0.615909090909091,0.7935213669244547,0.6902654867256637,0.8167539267015707,0.7027027027027027,0.975,0.24662313839659414,80,113,0.6955645161290323,0.8658855668782364,0.7297297297297297,0.8421052631578948,0.7272727272727273,1.0,0.24634878695608914,80,111,0.5940035273368607,0.7981100758215218,0.6982758620689655,0.8186528497409328,0.7053571428571429,0.9753086419753086,0.2477941734526876,81,116,20.0,0.8658855668782364,50.0,800.0,True,
random,network_heuristic,native_score,23,1,0.09999999999999999,0.4,0.6665405252719097,0.6206896551724138,0.7608695652173912,0.6796116504854369,0.8641975308641975,0.3846206605793076,81,116,0.5738636363636364,0.7527808391619164,0.7079646017699115,0.8156424581005587,0.7373737373737373,0.9125,0.3186092517230862,80,113,0.4875,0.7084136161885431,0.6936936936936937,0.8131868131868133,0.7254901960784313,0.925,0.33940479812792695,80,111,,,,,,
degree_centrality,network_heuristic,native_score,23,1,0.05,0.491005291005291,0.6309201681122569,0.6896551724137931,0.8144329896907216,0.6991150442477876,0.9753086419753086,0.3114331896551724,81,116,0.531439393939394,0.7016037296167248,0.7168141592920354,0.8333333333333333,0.7142857142857143,1.0,0.2735066371681416,80,113,0.5185483870967742,0.7191978661796185,0.7297297297297297,0.8421052631578948,0.7272727272727273,1.0,0.2708108108108108,80,111,,,,,,
weighted_degree,network_heuristic,native_score,23,1,0.05,0.4015873015873016,0.651607328260918,0.4827586206896552,0.5945945945945946,0.6567164179104478,0.5432098765432098,0.5805883104395166,81,116,0.44450757575757577,0.677218663698284,0.4424778761061947,0.5401459854014599,0.6491228070175439,0.4625,0.5889897208161073,80,113,0.4727822580645161,0.7366548541174682,0.5675675675675675,0.6962025316455697,0.7051282051282052,0.6875,0.5530067387890427,80,111,,,,,,
betweenness_centrality,network_heuristic,native_score,23,1,0.05,0.5987654320987654,0.7301000384251695,0.5086206896551724,0.5043478260869566,0.8529411764705882,0.35802469135802467,0.5323754789272029,81,116,0.5278409090909091,0.7315708486678407,0.46017699115044247,0.4873949579831932,0.7435897435897436,0.3625,0.544228121927237,80,113,0.5018145161290323,0.7179021111942989,0.4144144144144144,0.42477876106194684,0.7272727272727273,0.3,0.6000767093624236,80,111,,,,,,
closeness_centrality,network_heuristic,native_score,23,1,0.05,0.5874779541446208,0.7833171591472851,0.43103448275862066,0.3888888888888889,0.7777777777777778,0.25925925925925924,0.6326813421303578,81,116,0.5183712121212121,0.7068001348023975,0.4336283185840708,0.44827586206896547,0.7222222222222222,0.325,0.6487636826037204,80,113,0.5689516129032258,0.774636106104494,0.3783783783783784,0.33009708737864074,0.7391304347826086,0.2125,0.6510359104477702,80,111,,,,,,
composite_risk_score,network_heuristic,native_score,23,1,0.05,0.3961199294532628,0.6460801658655632,0.6896551724137931,0.8144329896907216,0.6991150442477876,0.9753086419753086,0.2927406537045081,81,116,0.49962121212121213,0.7199550762247631,0.7168141592920354,0.8333333333333333,0.7142857142857143,1.0,0.24926312580338386,80,113,0.47923387096774195,0.7160813467039269,0.7207207207207207,0.837696335078534,0.7207207207207207,1.0,0.2567383922082428,80,111,,,,,,
gaussian_naive_bayes,traditional_ml,full,23,1,0.05,0.7474426807760141,0.8710896836534343,0.7155172413793104,0.8272251308900522,0.7181818181818181,0.9753086419753086,0.195358800832375,81,116,0.5100378787878788,0.704760286766733,0.6991150442477876,0.8172043010752688,0.7169811320754716,0.95,0.29763194761352213,80,113,0.5681451612903226,0.7960224432415439,0.7477477477477478,0.851063829787234,0.7407407407407407,1.0,0.2781880700332551,80,111,,,,,,
no_graph_logistic,traditional_ml,full,23,1,0.48999999999999994,0.43315696649029983,0.6592010505606334,0.6982758620689655,0.8223350253807107,0.6982758620689655,1.0,0.2507190630250579,81,116,0.5,0.7305853078651119,0.7168141592920354,0.8333333333333333,0.7142857142857143,1.0,0.25028931349326144,80,113,0.3403225806451613,0.6163370112937397,0.7117117117117117,0.8315789473684211,0.7181818181818181,0.9875,0.2512954725924822,80,111,6.0,0.7305853078651119,50.0,800.0,True,
no_graph_mlp,traditional_ml,full,23,1,0.05,0.7171075837742504,0.8399112096553492,0.6982758620689655,0.8223350253807107,0.6982758620689655,1.0,0.2486082695243168,81,116,0.503030303030303,0.7202960575588998,0.7079646017699115,0.8290155440414507,0.7079646017699115,1.0,0.2488868869915828,80,113,0.632258064516129,0.8283613471170611,0.7207207207207207,0.837696335078534,0.7207207207207207,1.0,0.248621693285232,80,111,78.0,0.7202960575588998,50.0,800.0,True,8.0
graphsage_mean_neighbor,graph_model,full,23,1,0.30999999999999994,0.7597883597883598,0.893887686246407,0.6896551724137931,0.8163265306122449,0.6956521739130435,0.9876543209876543,0.21972387872216015,81,116,0.5390151515151516,0.7342622865773238,0.7168141592920354,0.8333333333333333,0.7142857142857143,1.0,0.245543591233093,80,113,0.6314516129032258,0.8316605752830064,0.7207207207207207,0.837696335078534,0.7207207207207207,1.0,0.2349468784715723,80,111,250.0,0.7342622865773238,50.0,800.0,True,
random,network_heuristic,native_score,23,2,0.07,0.5040322580645161,0.7450832810031367,0.7297297297297297,0.8351648351648352,0.7450980392156863,0.95,0.32251864140156455,80,111,0.5100529100529101,0.7152785980904558,0.7155172413793104,0.8272251308900522,0.7181818181818181,0.9753086419753086,0.34321279385864006,81,116,0.5143939393939394,0.7523283681862197,0.6637168141592921,0.7912087912087913,0.7058823529411765,0.9,0.3272686726768536,80,113,,,,,,
degree_centrality,network_heuristic,native_score,23,2,0.05,0.5185483870967742,0.7191978661796185,0.7297297297297297,0.8421052631578948,0.7272727272727273,1.0,0.2708108108108108,80,111,0.491005291005291,0.6309201681122569,0.6896551724137931,0.8144329896907216,0.6991150442477876,0.9753086419753086,0.3114331896551724,81,116,0.531439393939394,0.7016037296167248,0.7168141592920354,0.8333333333333333,0.7142857142857143,1.0,0.2735066371681416,80,113,,,,,,
weighted_degree,network_heuristic,native_score,23,2,0.05,0.4727822580645161,0.7366548541174682,0.5675675675675675,0.6962025316455697,0.7051282051282052,0.6875,0.5530067387890427,80,111,0.4015873015873016,0.651607328260918,0.4827586206896552,0.5945945945945946,0.6567164179104478,0.5432098765432098,0.5805883104395166,81,116,0.44450757575757577,0.677218663698284,0.4424778761061947,0.5401459854014599,0.6491228070175439,0.4625,0.5889897208161073,80,113,,,,,,
betweenness_centrality,network_heuristic,native_score,23,2,0.05,0.5018145161290323,0.7179021111942989,0.4144144144144144,0.42477876106194684,0.7272727272727273,0.3,0.6000767093624236,80,111,0.5987654320987654,0.7301000384251695,0.5086206896551724,0.5043478260869566,0.8529411764705882,0.35802469135802467,0.5323754789272029,81,116,0.5278409090909091,0.7315708486678407,0.46017699115044247,0.4873949579831932,0.7435897435897436,0.3625,0.544228121927237,80,113,,,,,,
closeness_centrality,network_heuristic,native_score,23,2,0.07,0.5689516129032258,0.774636106104494,0.36936936936936937,0.2857142857142857,0.7777777777777778,0.175,0.6510359104477702,80,111,0.5874779541446208,0.7833171591472851,0.4482758620689655,0.39622641509433965,0.84,0.25925925925925924,0.6326813421303578,81,116,0.5183712121212121,0.7068001348023975,0.39823008849557523,0.37037037037037035,0.7142857142857143,0.25,0.6487636826037204,80,113,,,,,,
composite_risk_score,network_heuristic,native_score,23,2,0.05,0.47923387096774195,0.7160813467039269,0.7207207207207207,0.837696335078534,0.7207207207207207,1.0,0.2567383922082428,80,111,0.3961199294532628,0.6460801658655632,0.6896551724137931,0.8144329896907216,0.6991150442477876,0.9753086419753086,0.2927406537045081,81,116,0.49962121212121213,0.7199550762247631,0.7168141592920354,0.8333333333333333,0.7142857142857143,1.0,0.24926312580338386,80,113,,,,,,
gaussian_naive_bayes,traditional_ml,full,23,2,0.07,0.6584677419354839,0.816820263609355,0.7387387387387387,0.8379888268156425,0.7575757575757576,0.9375,0.24526236844345245,80,111,0.6014109347442681,0.7910274991559078,0.7068965517241379,0.8152173913043479,0.7281553398058253,0.9259259259259259,0.2666427258933093,81,116,0.5251893939393939,0.7107333955319097,0.672566371681416,0.7861271676300579,0.7311827956989247,0.85,0.31274853358592203,80,113,,,,,,
no_graph_logistic,traditional_ml,full,23,2,0.05,0.7217741935483871,0.8600726429674488,0.7207207207207207,0.837696335078534,0.7207207207207207,1.0,0.24554743781704236,80,111,0.6606701940035273,0.8301602160328124,0.6982758620689655,0.8223350253807107,0.6982758620689655,1.0,0.24790175472047724,81,116,0.5416666666666666,0.7230580451560347,0.7079646017699115,0.8290155440414507,0.7079646017699115,1.0,0.2491597863486146,80,113,74.0,0.8301602160328124,50.0,800.0,True,
no_graph_mlp,traditional_ml,full,23,2,0.05,0.677016129032258,0.8505839163799018,0.7207207207207207,0.837696335078534,0.7207207207207207,1.0,0.24944124585390484,80,111,0.5901234567901235,0.7855946300289981,0.6982758620689655,0.8223350253807107,0.6982758620689655,1.0,0.24977753506372422,81,116,0.5375,0.7437603289782719,0.7079646017699115,0.8290155440414507,0.7079646017699115,1.0,0.24985917250160763,80,113,603.0,0.7855946300289981,50.0,800.0,True,8.0
graphsage_mean_neighbor,graph_model,full,23,2,0.05,0.707258064516129,0.8656637317847812,0.7207207207207207,0.837696335078534,0.7207207207207207,1.0,0.2529632317819348,80,111,0.618694885361552,0.778712242143055,0.6982758620689655,0.8223350253807107,0.6982758620689655,1.0,0.25319603610094404,81,116,0.5015151515151515,0.7162750014447856,0.7079646017699115,0.8290155440414507,0.7079646017699115,1.0,0.25480997077668693,80,113,9.0,0.778712242143055,50.0,800.0,True,
random,network_heuristic,native_score,42,0,0.05,0.4401515151515151,0.7091761103816648,0.6902654867256637,0.8148148148148149,0.7064220183486238,0.9625,0.3599388305126381,80,113,0.3971774193548387,0.6574321355226453,0.6846846846846847,0.8066298342541437,0.7227722772277227,0.9125,0.3890424606152847,80,111,0.544973544973545,0.7347525464662509,0.6810344827586207,0.806282722513089,0.7,0.9506172839506173,0.3184821405450191,81,116,,,,,,
degree_centrality,network_heuristic,native_score,42,0,0.05,0.531060606060606,0.6680689507521829,0.6991150442477876,0.8210526315789474,0.7090909090909091,0.975,0.2923119469026549,80,113,0.4711693548387097,0.6403107698281516,0.7207207207207207,0.837696335078534,0.7207207207207207,1.0,0.2870382882882883,80,111,0.5326278659611993,0.730866035412239,0.7155172413793104,0.8307692307692308,0.7105263157894737,1.0,0.27758620689655167,81,116,,,,,,
weighted_degree,network_heuristic,native_score,42,0,0.05,0.5026515151515152,0.7264638263709491,0.4690265486725664,0.5522388059701493,0.6851851851851852,0.4625,0.5667951971385052,80,113,0.4342741935483871,0.6860201224886061,0.5135135135135135,0.6351351351351351,0.6911764705882353,0.5875,0.5906793413152477,80,111,0.3447971781305115,0.6248790048588917,0.5086206896551724,0.6459627329192547,0.65,0.6419753086419753,0.5661600543633124,81,116,,,,,,
betweenness_centrality,network_heuristic,native_score,42,0,0.05,0.5022727272727273,0.6879436421326222,0.4247787610619469,0.43478260869565216,0.7142857142857143,0.3125,0.5863323500491643,80,113,0.5415322580645161,0.7061351132159819,0.45045045045045046,0.46017699115044247,0.7878787878787878,0.325,0.5748464791321934,80,111,0.589594356261023,0.775664375903601,0.5086206896551724,0.5210084033613445,0.8157894736842105,0.38271604938271603,0.5155028735632183,81,116,,,,,,
closeness_centrality,network_heuristic,native_score,42,0,0.05,0.46799242424242427,0.7245273801912061,0.3893805309734513,0.3783783783783784,0.6774193548387096,0.2625,0.6303497930365792,80,113,0.5481854838709678,0.7352911151174581,0.3963963963963964,0.3963963963963964,0.7096774193548387,0.275,0.6627885517112528,80,111,0.6583774250440917,0.8081356603151209,0.45689655172413796,0.39999999999999997,0.875,0.25925925925925924,0.6393729485169123,81,116,,,,,,
composite_risk_score,network_heuristic,native_score,42,0,0.05,0.43768939393939393,0.6912809254971486,0.6991150442477876,0.8210526315789474,0.7090909090909091,0.975,0.2803728749303106,80,113,0.46491935483870966,0.7423550774965115,0.7207207207207207,0.837696335078534,0.7207207207207207,1.0,0.258255515869196,80,111,0.46984126984126984,0.663344805981037,0.7068965517241379,0.826530612244898,0.7043478260869566,1.0,0.26098373665529656,81,116,,,,,,
gaussian_naive_bayes,traditional_ml,full,42,0,0.05,0.6636363636363637,0.8105126002020437,0.7256637168141593,0.8359788359788359,0.7247706422018348,0.9875,0.22450143829315017,80,113,0.5459677419354839,0.7420504023583323,0.7207207207207207,0.8359788359788359,0.7247706422018348,0.9875,0.25669955412516265,80,111,0.6100529100529101,0.7570141183756235,0.7241379310344828,0.8333333333333333,0.7207207207207207,0.9876543209876543,0.23892735838856002,81,116,,,,,,
no_graph_logistic,traditional_ml,full,42,0,0.05,0.7018939393939394,0.8637044986245836,0.7079646017699115,0.8290155440414507,0.7079646017699115,1.0,0.24639652557004335,80,113,0.6028225806451613,0.7668153131953007,0.7207207207207207,0.837696335078534,0.7207207207207207,1.0,0.24688760349657418,80,111,0.5767195767195767,0.7267616301425209,0.6982758620689655,0.8223350253807107,0.6982758620689655,1.0,0.24769713763650408,81,116,41.0,0.7668153131953007,50.0,800.0,True,
no_graph_mlp,traditional_ml,full,42,0,0.05,0.681060606060606,0.8200484193948465,0.7079646017699115,0.8290155440414507,0.7079646017699115,1.0,0.2492630108847898,80,113,0.5810483870967742,0.8053638625097028,0.7207207207207207,0.837696335078534,0.7207207207207207,1.0,0.24976415409056874,80,111,0.6596119929453262,0.8183996336745948,0.6982758620689655,0.8223350253807107,0.6982758620689655,1.0,0.24952074444957328,81,116,799.0,0.8053638625097028,50.0,800.0,True,8.0
graphsage_mean_neighbor,graph_model,full,42,0,0.05,0.6920454545454545,0.8666890518375432,0.7079646017699115,0.8290155440414507,0.7079646017699115,1.0,0.2429861370527915,80,113,0.6475806451612903,0.8194766381275869,0.7207207207207207,0.837696335078534,0.7207207207207207,1.0,0.24243880136802995,80,111,0.5569664902998236,0.747541370920008,0.6982758620689655,0.8223350253807107,0.6982758620689655,1.0,0.24438762711970186,81,116,39.0,0.8194766381275869,50.0,800.0,True,
random,network_heuristic,native_score,42,1,0.09,0.5188712522045855,0.7122730162835722,0.6379310344827587,0.7717391304347826,0.6893203883495146,0.8765432098765432,0.3401177060870288,81,116,0.5852272727272727,0.7687622066521416,0.7079646017699115,0.8216216216216217,0.7238095238095238,0.95,0.2929763996459168,80,113,0.3258064516129032,0.6289227039269569,0.6486486486486487,0.7845303867403315,0.7029702970297029,0.8875,0.42688789497043494,80,111,,,,,,
degree_centrality,network_heuristic,native_score,42,1,0.05,0.5326278659611993,0.730866035412239,0.7155172413793104,0.8307692307692308,0.7105263157894737,1.0,0.27758620689655167,81,116,0.531060606060606,0.6680689507521829,0.6991150442477876,0.8210526315789474,0.7090909090909091,0.975,0.2923119469026549,80,113,0.4711693548387097,0.6403107698281516,0.7207207207207207,0.837696335078534,0.7207207207207207,1.0,0.2870382882882883,80,111,,,,,,
weighted_degree,network_heuristic,native_score,42,1,0.05,0.3447971781305115,0.6248790048588917,0.5086206896551724,0.6459627329192547,0.65,0.6419753086419753,0.5661600543633124,81,116,0.5026515151515152,0.7264638263709491,0.4690265486725664,0.5522388059701493,0.6851851851851852,0.4625,0.5667951971385052,80,113,0.4342741935483871,0.6860201224886061,0.5135135135135135,0.6351351351351351,0.6911764705882353,0.5875,0.5906793413152477,80,111,,,,,,
betweenness_centrality,network_heuristic,native_score,42,1,0.05,0.589594356261023,0.775664375903601,0.5086206896551724,0.5210084033613445,0.8157894736842105,0.38271604938271603,0.5155028735632183,81,116,0.5022727272727273,0.6879436421326222,0.4247787610619469,0.43478260869565216,0.7142857142857143,0.3125,0.5863323500491643,80,113,0.5415322580645161,0.7061351132159819,0.45045045045045046,0.46017699115044247,0.7878787878787878,0.325,0.5748464791321934,80,111,,,,,,
closeness_centrality,network_heuristic,native_score,42,1,0.05,0.6583774250440917,0.8081356603151209,0.45689655172413796,0.39999999999999997,0.875,0.25925925925925924,0.6393729485169123,81,116,0.46799242424242427,0.7245273801912061,0.3893805309734513,0.3783783783783784,0.6774193548387096,0.2625,0.6303497930365792,80,113,0.5481854838709678,0.7352911151174581,0.3963963963963964,0.3963963963963964,0.7096774193548387,0.275,0.6627885517112528,80,111,,,,,,
composite_risk_score,network_heuristic,native_score,42,1,0.05,0.46984126984126984,0.663344805981037,0.7068965517241379,0.826530612244898,0.7043478260869566,1.0,0.26098373665529656,81,116,0.43768939393939393,0.6912809254971486,0.6991150442477876,0.8210526315789474,0.7090909090909091,0.975,0.2803728749303106,80,113,0.46491935483870966,0.7423550774965115,0.7207207207207207,0.837696335078534,0.7207207207207207,1.0,0.258255515869196,80,111,,,,,,
gaussian_naive_bayes,traditional_ml,full,42,1,0.09,0.6874779541446208,0.8383820733568389,0.7241379310344828,0.8260869565217391,0.7378640776699029,0.9382716049382716,0.23470956503292315,81,116,0.5280303030303031,0.7009500754600902,0.7079646017699115,0.8135593220338985,0.7422680412371134,0.9,0.2961397586009695,80,113,0.49959677419354837,0.7378300628426626,0.7207207207207207,0.8359788359788359,0.7247706422018348,0.9875,0.2666818952012425,80,111,,,,,,
no_graph_logistic,traditional_ml,full,42,1,0.4799999999999999,0.6656084656084656,0.812737165662648,0.7241379310344828,0.8333333333333333,0.7207207207207207,0.9876543209876543,0.24745087929135476,81,116,0.6098484848484849,0.7726449482501137,0.7168141592920354,0.8315789473684211,0.7181818181818181,0.9875,0.24786786887589088,80,113,0.597983870967742,0.804916635244551,0.7297297297297297,0.8421052631578948,0.7272727272727273,1.0,0.24796432711474242,80,111,45.0,0.7726449482501137,50.0,800.0,True,
no_graph_mlp,traditional_ml,full,42,1,0.05,0.4670194003527337,0.6830757078301166,0.6982758620689655,0.8223350253807107,0.6982758620689655,1.0,0.24933080976483085,81,116,0.553030303030303,0.7666689610596186,0.7079646017699115,0.8290155440414507,0.7079646017699115,1.0,0.24924749645193986,80,113,0.36532258064516127,0.6562414285990833,0.7207207207207207,0.837696335078534,0.7207207207207207,1.0,0.249333544682513,80,111,4.0,0.7666689610596186,50.0,800.0,True,8.0
graphsage_mean_neighbor,graph_model,full,42,1,0.4499999999999999,0.689594356261023,0.8333701987954786,0.7413793103448276,0.8351648351648352,0.7524752475247525,0.9382716049382716,0.2346411773423941,81,116,0.5871212121212122,0.7740669748903781,0.7256637168141593,0.8306010928961749,0.7378640776699029,0.95,0.23675375190029507,80,113,0.5568548387096774,0.7599644278485786,0.7027027027027027,0.8176795580110497,0.7326732673267327,0.925,0.2433727712058671,80,111,252.0,0.7740669748903781,50.0,800.0,True,
random,network_heuristic,native_score,42,2,0.05,0.5391129032258064,0.7753875208365184,0.7207207207207207,0.8342245989304813,0.7289719626168224,0.975,0.3083056401136003,80,111,0.47724867724867726,0.673866362856138,0.6724137931034483,0.8,0.6972477064220184,0.9382716049382716,0.35657701421434534,81,116,0.5674242424242424,0.7851994544580853,0.6814159292035398,0.8043478260869567,0.7115384615384616,0.925,0.31500243871758665,80,113,,,,,,
degree_centrality,network_heuristic,native_score,42,2,0.05,0.4711693548387097,0.6403107698281516,0.7207207207207207,0.837696335078534,0.7207207207207207,1.0,0.2870382882882883,80,111,0.5326278659611993,0.730866035412239,0.7155172413793104,0.8307692307692308,0.7105263157894737,1.0,0.27758620689655167,81,116,0.531060606060606,0.6680689507521829,0.6991150442477876,0.8210526315789474,0.7090909090909091,0.975,0.2923119469026549,80,113,,,,,,
weighted_degree,network_heuristic,native_score,42,2,0.05,0.4342741935483871,0.6860201224886061,0.5135135135135135,0.6351351351351351,0.6911764705882353,0.5875,0.5906793413152477,80,111,0.3447971781305115,0.6248790048588917,0.5086206896551724,0.6459627329192547,0.65,0.6419753086419753,0.5661600543633124,81,116,0.5026515151515152,0.7264638263709491,0.4690265486725664,0.5522388059701493,0.6851851851851852,0.4625,0.5667951971385052,80,113,,,,,,
betweenness_centrality,network_heuristic,native_score,42,2,0.05,0.5415322580645161,0.7061351132159819,0.45045045045045046,0.46017699115044247,0.7878787878787878,0.325,0.5748464791321934,80,111,0.589594356261023,0.775664375903601,0.5086206896551724,0.5210084033613445,0.8157894736842105,0.38271604938271603,0.5155028735632183,81,116,0.5022727272727273,0.6879436421326222,0.4247787610619469,0.43478260869565216,0.7142857142857143,0.3125,0.5863323500491643,80,113,,,,,,
closeness_centrality,network_heuristic,native_score,42,2,0.06,0.5481854838709678,0.7352911151174581,0.3783783783783784,0.3669724770642202,0.6896551724137931,0.25,0.6627885517112528,80,111,0.6583774250440917,0.8081356603151209,0.47413793103448276,0.40776699029126207,0.9545454545454546,0.25925925925925924,0.6393729485169123,81,116,0.46799242424242427,0.7245273801912061,0.3893805309734513,0.3669724770642202,0.6896551724137931,0.25,0.6303497930365792,80,113,,,,,,
composite_risk_score,network_heuristic,native_score,42,2,0.18,0.46491935483870966,0.7423550774965115,0.7207207207207207,0.837696335078534,0.7207207207207207,1.0,0.258255515869196,80,111,0.46984126984126984,0.663344805981037,0.7155172413793104,0.8307692307692308,0.7105263157894737,1.0,0.26098373665529656,81,116,0.43768939393939393,0.6912809254971486,0.6902654867256637,0.8128342245989305,0.7102803738317757,0.95,0.2803728749303106,80,113,,,,,,
gaussian_naive_bayes,traditional_ml,full,42,2,0.22999999999999998,0.7137096774193549,0.8427959366294384,0.7747747747747747,0.8603351955307262,0.7777777777777778,0.9625,0.20676539403723396,80,111,0.5455026455026455,0.7127479972612256,0.7155172413793104,0.8253968253968254,0.7222222222222222,0.9629629629629629,0.2670840697822034,81,116,0.49166666666666664,0.7119024369377525,0.6371681415929203,0.7709497206703911,0.696969696969697,0.8625,0.310226604176472,80,113,,,,,,
no_graph_logistic,traditional_ml,full,42,2,0.05,0.6887096774193548,0.8229880927865926,0.7207207207207207,0.837696335078534,0.7207207207207207,1.0,0.23977719343031434,80,111,0.5248677248677248,0.7455784060590426,0.6982758620689655,0.8223350253807107,0.6982758620689655,1.0,0.2484803188483964,81,116,0.6106060606060606,0.7658023857251938,0.7079646017699115,0.8290155440414507,0.7079646017699115,1.0,0.2470914671241319,80,113,143.0,0.7455784060590426,50.0,800.0,True,
no_graph_mlp,traditional_ml,full,42,2,0.05,0.49233870967741933,0.6836666459175971,0.7207207207207207,0.837696335078534,0.7207207207207207,1.0,0.25220945350369073,80,111,0.582716049382716,0.7294125988706309,0.6982758620689655,0.8223350253807107,0.6982758620689655,1.0,0.25181100152703223,81,116,0.40606060606060607,0.6939879178781334,0.7079646017699115,0.8290155440414507,0.7079646017699115,1.0,0.2517497614520128,80,113,15.0,0.7294125988706309,50.0,800.0,True,8.0
graphsage_mean_neighbor,graph_model,full,42,2,0.05,0.7278225806451613,0.8728701205907369,0.7207207207207207,0.837696335078534,0.7207207207207207,1.0,0.22929067411636428,80,111,0.5587301587301587,0.7838003191960122,0.6982758620689655,0.8223350253807107,0.6982758620689655,1.0,0.24281528486662954,81,116,0.6375,0.830789611164678,0.7079646017699115,0.8290155440414507,0.7079646017699115,1.0,0.2418303634662391,80,113,223.0,0.7838003191960122,50.0,800.0,True,
random,network_heuristic,native_score,77,0,0.05,0.6450757575757575,0.826849294489857,0.7168141592920354,0.8297872340425532,0.7222222222222222,0.975,0.24777256386170207,80,113,0.4338709677419355,0.6979476186057492,0.7117117117117117,0.8279569892473119,0.7264150943396226,0.9625,0.35584888355322514,80,111,0.5029982363315697,0.7381226360511128,0.6637931034482759,0.7914438502673796,0.6981132075471698,0.9135802469135802,0.3461966982241012,81,116,,,,,,
degree_centrality,network_heuristic,native_score,77,0,0.05,0.5454545454545454,0.6708341663888101,0.7168141592920354,0.8333333333333333,0.7142857142857143,1.0,0.27461283185840707,80,113,0.5221774193548387,0.6889874865846751,0.7297297297297297,0.8421052631578948,0.7272727272727273,1.0,0.26451576576576574,80,111,0.4740740740740741,0.668253220827999,0.6896551724137931,0.8144329896907216,0.6991150442477876,0.9753086419753086,0.31637931034482764,81,116,,,,,,
weighted_degree,network_heuristic,native_score,77,0,0.05,0.5009469696969697,0.6970254091987155,0.504424778761062,0.588235294117647,0.7142857142857143,0.5,0.5901405035396188,80,113,0.40846774193548385,0.6802684456399812,0.5315315315315315,0.6708860759493671,0.6794871794871795,0.6625,0.5647929876833323,80,111,0.3880070546737213,0.6702451151433944,0.45689655172413796,0.5771812080536912,0.6323529411764706,0.5308641975308642,0.5681890684134572,81,116,,,,,,
betweenness_centrality,network_heuristic,native_score,77,0,0.05,0.5426136363636364,0.7212423209508678,0.4424778761061947,0.4324324324324324,0.7741935483870968,0.3,0.567826941986234,80,113,0.5566532258064516,0.7417672566232257,0.4594594594594595,0.47368421052631576,0.7941176470588235,0.3375,0.5666582909440052,80,111,0.5352733686067019,0.6935938254787951,0.4827586206896552,0.5081967213114754,0.7560975609756098,0.38271604938271603,0.5413649425287356,81,116,,,,,,
closeness_centrality,network_heuristic,native_score,77,0,0.05,0.509090909090909,0.7229100782718841,0.37168141592920356,0.34862385321100914,0.6551724137931034,0.2375,0.6336237742274242,80,113,0.5663306451612903,0.7584235221360522,0.35135135135135137,0.27999999999999997,0.7,0.175,0.6771919683325527,80,111,0.6296296296296297,0.8071604212154405,0.5172413793103449,0.5254237288135593,0.8378378378378378,0.38271604938271603,0.6224010595554491,81,116,,,,,,
composite_risk_score,network_heuristic,native_score,77,0,0.05,0.4772727272727273,0.7155018082914006,0.7168141592920354,0.8333333333333333,0.7142857142857143,1.0,0.26844018193103486,80,113,0.48266129032258065,0.7012595909621586,0.7297297297297297,0.8421052631578948,0.7272727272727273,1.0,0.2546872686034648,80,111,0.4238095238095238,0.6644192665152834,0.6810344827586207,0.8102564102564103,0.6929824561403509,0.9753086419753086,0.276022269029558,81,116,,,,,,
gaussian_naive_bayes,traditional_ml,full,77,0,0.07,0.671969696969697,0.8031164052041351,0.7168141592920354,0.8260869565217392,0.7307692307692307,0.95,0.20766249659333064,80,113,0.5810483870967742,0.7939272515824524,0.7477477477477478,0.851063829787234,0.7407407407407407,1.0,0.20933225218452714,80,111,0.5485008818342152,0.7175200868199957,0.6896551724137931,0.8125,0.7027027027027027,0.9629629629629629,0.24279672731506372,81,116,,,,,,
no_graph_logistic,traditional_ml,full,77,0,0.4799999999999999,0.6412878787878787,0.8004296199462677,0.7345132743362832,0.8369565217391305,0.7403846153846154,0.9625,0.24608791288095844,80,113,0.6330645161290323,0.8038492918221752,0.7387387387387387,0.8449197860962567,0.7383177570093458,0.9875,0.24620934440603334,80,111,0.5770723104056438,0.7505156069780513,0.6982758620689655,0.8148148148148148,0.7129629629629629,0.9506172839506173,0.2488208594709179,81,116,41.0,0.8038492918221752,50.0,800.0,True,
no_graph_mlp,traditional_ml,full,77,0,0.05,0.5924242424242424,0.7834446982569518,0.7079646017699115,0.8290155440414507,0.7079646017699115,1.0,0.24994760447582937,80,113,0.572983870967742,0.7381309250097325,0.7207207207207207,0.837696335078534,0.7207207207207207,1.0,0.24979775215568567,80,111,0.5149911816578483,0.7134943991741227,0.6982758620689655,0.8223350253807107,0.6982758620689655,1.0,0.24983449043784942,81,116,22.0,0.7381309250097325,50.0,800.0,True,8.0
graphsage_mean_neighbor,graph_model,full,77,0,0.43999999999999995,0.6977272727272728,0.8606793685775269,0.7079646017699115,0.8070175438596491,0.7582417582417582,0.8625,0.22917867924682211,80,113,0.6713709677419355,0.8464331670894822,0.7567567567567568,0.8508287292817679,0.7623762376237624,0.9625,0.22877581685435708,80,111,0.5717813051146384,0.7694434559934314,0.7068965517241379,0.8172043010752689,0.7238095238095238,0.9382716049382716,0.23775935730963532,81,116,344.0,0.8464331670894822,50.0,800.0,True,
random,network_heuristic,native_score,77,1,0.13,0.4292768959435626,0.6623635657668706,0.6551724137931034,0.7777777777777777,0.7070707070707071,0.8641975308641975,0.3855747971693943,81,116,0.5375,0.7425952734263603,0.6991150442477876,0.8045977011494252,0.7446808510638298,0.875,0.3479102893582796,80,113,0.5528225806451613,0.7401935612846113,0.7207207207207207,0.8208092485549132,0.7634408602150538,0.8875,0.33445891520819593,80,111,,,,,,
degree_centrality,network_heuristic,native_score,77,1,0.05,0.4740740740740741,0.668253220827999,0.6896551724137931,0.8144329896907216,0.6991150442477876,0.9753086419753086,0.31637931034482764,81,116,0.5454545454545454,0.6708341663888101,0.7168141592920354,0.8333333333333333,0.7142857142857143,1.0,0.27461283185840707,80,113,0.5221774193548387,0.6889874865846751,0.7297297297297297,0.8421052631578948,0.7272727272727273,1.0,0.26451576576576574,80,111,,,,,,
weighted_degree,network_heuristic,native_score,77,1,0.05,0.3880070546737213,0.6702451151433944,0.45689655172413796,0.5771812080536912,0.6323529411764706,0.5308641975308642,0.5681890684134572,81,116,0.5009469696969697,0.6970254091987155,0.504424778761062,0.588235294117647,0.7142857142857143,0.5,0.5901405035396188,80,113,0.40846774193548385,0.6802684456399812,0.5315315315315315,0.6708860759493671,0.6794871794871795,0.6625,0.5647929876833323,80,111,,,,,,
betweenness_centrality,network_heuristic,native_score,77,1,0.05,0.5352733686067019,0.6935938254787951,0.4827586206896552,0.5081967213114754,0.7560975609756098,0.38271604938271603,0.5413649425287356,81,116,0.5426136363636364,0.7212423209508678,0.4424778761061947,0.4324324324324324,0.7741935483870968,0.3,0.567826941986234,80,113,0.5566532258064516,0.7417672566232257,0.4594594594594595,0.47368421052631576,0.7941176470588235,0.3375,0.5666582909440052,80,111,,,,,,
closeness_centrality,network_heuristic,native_score,77,1,0.05,0.6296296296296297,0.8071604212154405,0.5172413793103449,0.5254237288135593,0.8378378378378378,0.38271604938271603,0.6224010595554491,81,116,0.509090909090909,0.7229100782718841,0.37168141592920356,0.34862385321100914,0.6551724137931034,0.2375,0.6336237742274242,80,113,0.5663306451612903,0.7584235221360522,0.35135135135135137,0.27999999999999997,0.7,0.175,0.6771919683325527,80,111,,,,,,
composite_risk_score,network_heuristic,native_score,77,1,0.05,0.4238095238095238,0.6644192665152834,0.6810344827586207,0.8102564102564103,0.6929824561403509,0.9753086419753086,0.276022269029558,81,116,0.4772727272727273,0.7155018082914006,0.7168141592920354,0.8333333333333333,0.7142857142857143,1.0,0.26844018193103486,80,113,0.48266129032258065,0.7012595909621586,0.7297297297297297,0.8421052631578948,0.7272727272727273,1.0,0.2546872686034648,80,111,,,,,,
gaussian_naive_bayes,traditional_ml,full,77,1,0.05,0.6878306878306878,0.8313433927757827,0.7068965517241379,0.8247422680412372,0.7079646017699115,0.9876543209876543,0.2128971300048815,81,116,0.49507575757575756,0.7199653308625275,0.7168141592920354,0.8279569892473119,0.7264150943396226,0.9625,0.3097803431358863,80,113,0.5786290322580645,0.7720869410777401,0.7297297297297297,0.8387096774193549,0.7358490566037735,0.975,0.2571558841725681,80,111,,,,,,
no_graph_logistic,traditional_ml,full,77,1,0.38999999999999996,0.6761904761904762,0.8387306911933309,0.6896551724137931,0.8163265306122449,0.6956521739130435,0.9876543209876543,0.24111814765445796,81,116,0.6045454545454545,0.7721493664662914,0.7168141592920354,0.8333333333333333,0.7142857142857143,1.0,0.24814934355884782,80,113,0.6487903225806452,0.8331249986889742,0.7207207207207207,0.837696335078534,0.7207207207207207,1.0,0.24416821986658627,80,111,239.0,0.7721493664662914,50.0,800.0,True,
no_graph_mlp,traditional_ml,full,77,1,0.05,0.5407407407407407,0.7106377190825764,0.6982758620689655,0.8223350253807107,0.6982758620689655,1.0,0.2503069306650461,81,116,0.6234848484848485,0.8117223530190871,0.7079646017699115,0.8290155440414507,0.7079646017699115,1.0,0.25034780533206175,80,113,0.605241935483871,0.7306508645138315,0.7207207207207207,0.837696335078534,0.7207207207207207,1.0,0.25031150375675904,80,111,16.0,0.8117223530190871,50.0,800.0,True,8.0
graphsage_mean_neighbor,graph_model,full,77,1,0.05,0.7008818342151676,0.8596276889070729,0.6982758620689655,0.8223350253807107,0.6982758620689655,1.0,0.23987641449657393,81,116,0.5924242424242424,0.7707105090164295,0.7079646017699115,0.8290155440414507,0.7079646017699115,1.0,0.2503317154858604,80,113,0.6516129032258065,0.8365895689173884,0.7207207207207207,0.837696335078534,0.7207207207207207,1.0,0.2460247592828318,80,111,139.0,0.7707105090164295,50.0,800.0,True,
random,network_heuristic,native_score,77,2,0.05,0.5060483870967742,0.6931822922810775,0.7027027027027027,0.8196721311475409,0.7281553398058253,0.9375,0.32751676036196564,80,111,0.4472663139329806,0.6529638748071519,0.6724137931034483,0.8041237113402061,0.6902654867256637,0.9629629629629629,0.344513128525357,81,116,0.44507575757575757,0.6699201845976845,0.672566371681416,0.8042328042328042,0.6972477064220184,0.95,0.36239263690842555,80,113,,,,,,
degree_centrality,network_heuristic,native_score,77,2,0.05,0.5221774193548387,0.6889874865846751,0.7297297297297297,0.8421052631578948,0.7272727272727273,1.0,0.26451576576576574,80,111,0.4740740740740741,0.668253220827999,0.6896551724137931,0.8144329896907216,0.6991150442477876,0.9753086419753086,0.31637931034482764,81,116,0.5454545454545454,0.6708341663888101,0.7168141592920354,0.8333333333333333,0.7142857142857143,1.0,0.27461283185840707,80,113,,,,,,
weighted_degree,network_heuristic,native_score,77,2,0.05,0.40846774193548385,0.6802684456399812,0.5315315315315315,0.6708860759493671,0.6794871794871795,0.6625,0.5647929876833323,80,111,0.3880070546737213,0.6702451151433944,0.45689655172413796,0.5771812080536912,0.6323529411764706,0.5308641975308642,0.5681890684134572,81,116,0.5009469696969697,0.6970254091987155,0.504424778761062,0.588235294117647,0.7142857142857143,0.5,0.5901405035396188,80,113,,,,,,
betweenness_centrality,network_heuristic,native_score,77,2,0.05,0.5566532258064516,0.7417672566232257,0.4594594594594595,0.47368421052631576,0.7941176470588235,0.3375,0.5666582909440052,80,111,0.5352733686067019,0.6935938254787951,0.4827586206896552,0.5081967213114754,0.7560975609756098,0.38271604938271603,0.5413649425287356,81,116,0.5426136363636364,0.7212423209508678,0.4424778761061947,0.4324324324324324,0.7741935483870968,0.3,0.567826941986234,80,113,,,,,,
closeness_centrality,network_heuristic,native_score,77,2,0.06,0.5663306451612903,0.7584235221360522,0.3333333333333333,0.24489795918367346,0.6666666666666666,0.15,0.6771919683325527,80,111,0.6296296296296297,0.8071604212154405,0.5431034482758621,0.5391304347826087,0.9117647058823529,0.38271604938271603,0.6224010595554491,81,116,0.509090909090909,0.7229100782718841,0.36283185840707965,0.33333333333333337,0.6428571428571429,0.225,0.6336237742274242,80,113,,,,,,
composite_risk_score,network_heuristic,native_score,77,2,0.18,0.48266129032258065,0.7012595909621586,0.7297297297297297,0.8421052631578948,0.7272727272727273,1.0,0.2546872686034648,80,111,0.4238095238095238,0.6644192665152834,0.6896551724137931,0.8144329896907216,0.6991150442477876,0.9753086419753086,0.276022269029558,81,116,0.4772727272727273,0.7155018082914006,0.7079646017699115,0.8253968253968255,0.7155963302752294,0.975,0.26844018193103486,80,113,,,,,,
gaussian_naive_bayes,traditional_ml,full,77,2,0.09999999999999999,0.6225806451612903,0.8185368446425432,0.7387387387387387,0.8415300546448088,0.7475728155339806,0.9625,0.23318977089335982,80,111,0.636331569664903,0.8054890853130416,0.6982758620689655,0.8128342245989304,0.7169811320754716,0.9382716049382716,0.25470032270356274,81,116,0.5965909090909091,0.7655264002881095,0.7079646017699115,0.8135593220338985,0.7422680412371134,0.9,0.28489743251571553,80,113,,,,,,
no_graph_logistic,traditional_ml,full,77,2,0.4699999999999999,0.6745967741935484,0.8300458987406115,0.7297297297297297,0.8387096774193549,0.7358490566037735,0.975,0.24167893269434998,80,111,0.6349206349206349,0.8020078272542293,0.7155172413793104,0.8272251308900522,0.7181818181818181,0.9753086419753086,0.2442535902638958,81,116,0.6162878787878788,0.7514921672012028,0.672566371681416,0.7955801104972375,0.7128712871287128,0.9,0.24689799495095816,80,113,87.0,0.8020078272542293,50.0,800.0,True,
no_graph_mlp,traditional_ml,full,77,2,0.05,0.49032258064516127,0.7325639607095427,0.7207207207207207,0.837696335078534,0.7207207207207207,1.0,0.25006765151578153,80,111,0.5569664902998236,0.720178630532582,0.6982758620689655,0.8223350253807107,0.6982758620689655,1.0,0.2500162116117863,81,116,0.47689393939393937,0.6824873775278342,0.7079646017699115,0.8290155440414507,0.7079646017699115,1.0,0.2500942298443065,80,113,25.0,0.720178630532582,50.0,800.0,True,8.0
graphsage_mean_neighbor,graph_model,full,77,2,0.4099999999999999,0.6983870967741935,0.8589880120681972,0.7657657657657657,0.8586956521739131,0.7596153846153846,0.9875,0.23040863898744016,80,111,0.6518518518518519,0.8126974623059965,0.7155172413793104,0.8290155440414507,0.7142857142857143,0.9876543209876543,0.2329488806415653,81,116,0.6549242424242424,0.8025499222201473,0.6814159292035398,0.8043478260869567,0.7115384615384616,0.925,0.24385722661677775,80,113,247.0,0.8126974623059965,50.0,800.0,True,
random,network_heuristic,native_score,101,0,0.08,0.45416666666666666,0.6869626522178299,0.6902654867256637,0.8128342245989305,0.7102803738317757,0.95,0.34720692411063203,80,113,0.5391129032258064,0.7063618189909543,0.6846846846846847,0.8044692737430167,0.7272727272727273,0.9,0.35766650959168417,80,111,0.4222222222222222,0.7024338575945783,0.5862068965517241,0.7362637362637363,0.6633663366336634,0.8271604938271605,0.3866525018071259,81,116,,,,,,
degree_centrality,network_heuristic,native_score,101,0,0.05,0.49393939393939396,0.7049525376865315,0.6902654867256637,0.8167539267015707,0.7027027027027027,0.975,0.30767699115044245,80,113,0.5493951612903226,0.692774721702477,0.7387387387387387,0.8465608465608466,0.7339449541284404,1.0,0.25657657657657656,80,111,0.49947089947089945,0.650948018400194,0.7068965517241379,0.826530612244898,0.7043478260869566,1.0,0.2917672413793103,81,116,,,,,,
weighted_degree,network_heuristic,native_score,101,0,0.05,0.37424242424242427,0.6367215921510522,0.4247787610619469,0.5255474452554745,0.631578947368421,0.45,0.609012023925253,80,113,0.5141129032258065,0.7333861912036872,0.5225225225225225,0.6344827586206897,0.7076923076923077,0.575,0.5821500180318705,80,111,0.43227513227513226,0.696507299297424,0.5431034482758621,0.670807453416149,0.675,0.6666666666666666,0.5331967221008329,81,116,,,,,,
betweenness_centrality,network_heuristic,native_score,101,0,0.05,0.522159090909091,0.6983243166315385,0.45132743362831856,0.46551724137931044,0.75,0.3375,0.5678761061946902,80,113,0.5129032258064516,0.7207503277694745,0.4144144144144144,0.41441441441441446,0.7419354838709677,0.2875,0.5920486813343957,80,111,0.5955908289241623,0.7407242538404242,0.5172413793103449,0.5333333333333333,0.8205128205128205,0.3950617283950617,0.5170210727969349,81,116,,,,,,
closeness_centrality,network_heuristic,native_score,101,0,0.05,0.6005681818181818,0.7300223343688037,0.35398230088495575,0.3177570093457944,0.6296296296296297,0.2125,0.6588322026706702,80,113,0.5008064516129033,0.7465129922974857,0.44144144144144143,0.46551724137931044,0.75,0.3375,0.6350526348471087,80,111,0.5573192239858906,0.7784824971667028,0.4482758620689655,0.3846153846153846,0.8695652173913043,0.24691358024691357,0.6381675561312893,81,116,,,,,,
composite_risk_score,network_heuristic,native_score,101,0,0.18,0.3450757575757576,0.6169520491625963,0.6814159292035398,0.8105263157894735,0.7,0.9625,0.2979881625148321,80,113,0.5032258064516129,0.7379583003492323,0.7387387387387387,0.8465608465608466,0.7339449541284404,1.0,0.2560872886271113,80,111,0.5294532627865961,0.7393447235623638,0.7068965517241379,0.8247422680412372,0.7079646017699115,0.9876543209876543,0.24589878602443863,81,116,,,,,,
gaussian_naive_bayes,traditional_ml,full,101,0,0.30999999999999994,0.6984848484848485,0.8453258193544478,0.7256637168141593,0.8287292817679558,0.7425742574257426,0.9375,0.21685872147776658,80,113,0.4780241935483871,0.6848948784195721,0.6486486486486487,0.7692307692307693,0.7303370786516854,0.8125,0.3216046642501829,80,111,0.49382716049382713,0.6947219378555987,0.6120689655172413,0.7398843930635839,0.6956521739130435,0.7901234567901234,0.3237379294438912,81,116,,,,,,
no_graph_logistic,traditional_ml,full,101,0,0.4699999999999999,0.7219696969696969,0.8640331898190189,0.6991150442477876,0.8172043010752688,0.7169811320754716,0.95,0.2488606077090552,80,113,0.6133064516129032,0.7629856860447773,0.7297297297297297,0.8387096774193549,0.7358490566037735,0.975,0.2501344301375318,80,111,0.5707231040564373,0.7573957387139122,0.7068965517241379,0.8191489361702128,0.719626168224299,0.9506172839506173,0.2517192278457268,81,116,54.0,0.7629856860447773,50.0,800.0,True,
no_graph_mlp,traditional_ml,full,101,0,0.05,0.5412878787878788,0.750630447420044,0.7079646017699115,0.8290155440414507,0.7079646017699115,1.0,0.2492271782444189,80,113,0.5286290322580646,0.7351847295149223,0.7207207207207207,0.837696335078534,0.7207207207207207,1.0,0.24921391690511135,80,111,0.6864197530864198,0.7831039261776819,0.6982758620689655,0.8223350253807107,0.6982758620689655,1.0,0.24893551091112626,81,116,130.0,0.7351847295149223,50.0,800.0,True,8.0
graphsage_mean_neighbor,graph_model,full,101,0,0.05,0.7337121212121213,0.8493482280976694,0.7079646017699115,0.8290155440414507,0.7079646017699115,1.0,0.24342134452312728,80,113,0.6048387096774194,0.8007753440643034,0.7207207207207207,0.837696335078534,0.7207207207207207,1.0,0.24841643067217337,80,111,0.5855379188712522,0.7722318200427214,0.6982758620689655,0.8223350253807107,0.6982758620689655,1.0,0.24851964675901606,81,116,93.0,0.8007753440643034,50.0,800.0,True,
random,network_heuristic,native_score,101,1,0.07,0.6112874779541446,0.7468104462295715,0.6896551724137931,0.8105263157894737,0.7064220183486238,0.9506172839506173,0.30310480589691075,81,116,0.45871212121212124,0.7190178582885711,0.7168141592920354,0.8279569892473119,0.7264150943396226,0.9625,0.33995220202596155,80,113,0.521774193548387,0.7572282424346608,0.6936936936936937,0.8152173913043477,0.7211538461538461,0.9375,0.31098949904157536,80,111,,,,,,
degree_centrality,network_heuristic,native_score,101,1,0.05,0.49947089947089945,0.650948018400194,0.7068965517241379,0.826530612244898,0.7043478260869566,1.0,0.2917672413793103,81,116,0.49393939393939396,0.7049525376865315,0.6902654867256637,0.8167539267015707,0.7027027027027027,0.975,0.30767699115044245,80,113,0.5493951612903226,0.692774721702477,0.7387387387387387,0.8465608465608466,0.7339449541284404,1.0,0.25657657657657656,80,111,,,,,,
weighted_degree,network_heuristic,native_score,101,1,0.05,0.43227513227513226,0.696507299297424,0.5431034482758621,0.670807453416149,0.675,0.6666666666666666,0.5331967221008329,81,116,0.37424242424242427,0.6367215921510522,0.4247787610619469,0.5255474452554745,0.631578947368421,0.45,0.609012023925253,80,113,0.5141129032258065,0.7333861912036872,0.5225225225225225,0.6344827586206897,0.7076923076923077,0.575,0.5821500180318705,80,111,,,,,,
betweenness_centrality,network_heuristic,native_score,101,1,0.05,0.5955908289241623,0.7407242538404242,0.5172413793103449,0.5333333333333333,0.8205128205128205,0.3950617283950617,0.5170210727969349,81,116,0.522159090909091,0.6983243166315385,0.45132743362831856,0.46551724137931044,0.75,0.3375,0.5678761061946902,80,113,0.5129032258064516,0.7207503277694745,0.4144144144144144,0.41441441441441446,0.7419354838709677,0.2875,0.5920486813343957,80,111,,,,,,
closeness_centrality,network_heuristic,native_score,101,1,0.05,0.5573192239858906,0.7784824971667028,0.4482758620689655,0.3846153846153846,0.8695652173913043,0.24691358024691357,0.6381675561312893,81,116,0.6005681818181818,0.7300223343688037,0.35398230088495575,0.3177570093457944,0.6296296296296297,0.2125,0.6588322026706702,80,113,0.5008064516129033,0.7465129922974857,0.44144144144144143,0.46551724137931044,0.75,0.3375,0.6350526348471087,80,111,,,,,,
composite_risk_score,network_heuristic,native_score,101,1,0.05,0.5294532627865961,0.7393447235623638,0.7068965517241379,0.826530612244898,0.7043478260869566,1.0,0.24589878602443863,81,116,0.3450757575757576,0.6169520491625963,0.6902654867256637,0.8167539267015707,0.7027027027027027,0.975,0.2979881625148321,80,113,0.5032258064516129,0.7379583003492323,0.7297297297297297,0.8421052631578948,0.7272727272727273,1.0,0.2560872886271113,80,111,,,,,,
gaussian_naive_bayes,traditional_ml,full,101,1,0.13,0.6804232804232804,0.8227941583285604,0.7327586206896551,0.8342245989304813,0.7358490566037735,0.9629629629629629,0.21585876661559203,81,116,0.5484848484848485,0.7274562472440927,0.6991150442477876,0.8191489361702128,0.7129629629629629,0.9625,0.25433063714330634,80,113,0.5479838709677419,0.7658305853186768,0.7477477477477478,0.8494623655913979,0.7452830188679245,0.9875,0.24690316622604608,80,111,,,,,,
no_graph_logistic,traditional_ml,full,101,1,0.05,0.7146384479717813,0.8347604340745455,0.6982758620689655,0.8223350253807107,0.6982758620689655,1.0,0.22450525649240072,81,116,0.6079545454545454,0.8036157130556537,0.7079646017699115,0.8290155440414507,0.7079646017699115,1.0,0.23563182037704708,80,113,0.521774193548387,0.7366087786916441,0.7207207207207207,0.837696335078534,0.7207207207207207,1.0,0.24194536189867705,80,111,367.0,0.8036157130556537,50.0,800.0,True,
no_graph_mlp,traditional_ml,full,101,1,0.05,0.4984126984126984,0.7383706967758816,0.6982758620689655,0.8223350253807107,0.6982758620689655,1.0,0.25040830065190667,81,116,0.5564393939393939,0.7873692410318169,0.7079646017699115,0.8290155440414507,0.7079646017699115,1.0,0.25031539804554065,80,113,0.4681451612903226,0.6829498321911586,0.7207207207207207,0.837696335078534,0.7207207207207207,1.0,0.2504900418436586,80,111,1.0,0.7873692410318169,50.0,800.0,True,8.0
graphsage_mean_neighbor,graph_model,full,101,1,0.05,0.7368606701940035,0.8683910901210963,0.6982758620689655,0.8223350253807107,0.6982758620689655,1.0,0.22102165078364652,81,116,0.5969696969696969,0.7953541574424319,0.7079646017699115,0.8290155440414507,0.7079646017699115,1.0,0.23803147013691564,80,113,0.5330645161290323,0.7349216703325215,0.7207207207207207,0.837696335078534,0.7207207207207207,1.0,0.24201060613631648,80,111,226.0,0.7953541574424319,50.0,800.0,True,
random,network_heuristic,native_score,101,2,0.06,0.4375,0.7158015286410071,0.7117117117117117,0.8279569892473119,0.7264150943396226,0.9625,0.37213633556834647,80,111,0.5527336860670194,0.7558453355672162,0.7068965517241379,0.8210526315789474,0.7155963302752294,0.9629629629629629,0.30322285939916976,81,116,0.41325757575757577,0.6680444407690052,0.672566371681416,0.8021390374331551,0.7009345794392523,0.9375,0.37007742182728665,80,113,,,,,,
degree_centrality,network_heuristic,native_score,101,2,0.05,0.5493951612903226,0.692774721702477,0.7387387387387387,0.8465608465608466,0.7339449541284404,1.0,0.25657657657657656,80,111,0.49947089947089945,0.650948018400194,0.7068965517241379,0.826530612244898,0.7043478260869566,1.0,0.2917672413793103,81,116,0.49393939393939396,0.7049525376865315,0.6902654867256637,0.8167539267015707,0.7027027027027027,0.975,0.30767699115044245,80,113,,,,,,
weighted_degree,network_heuristic,native_score,101,2,0.05,0.5141129032258065,0.7333861912036872,0.5225225225225225,0.6344827586206897,0.7076923076923077,0.575,0.5821500180318705,80,111,0.43227513227513226,0.696507299297424,0.5431034482758621,0.670807453416149,0.675,0.6666666666666666,0.5331967221008329,81,116,0.37424242424242427,0.6367215921510522,0.4247787610619469,0.5255474452554745,0.631578947368421,0.45,0.609012023925253,80,113,,,,,,
betweenness_centrality,network_heuristic,native_score,101,2,0.05,0.5129032258064516,0.7207503277694745,0.4144144144144144,0.41441441441441446,0.7419354838709677,0.2875,0.5920486813343957,80,111,0.5955908289241623,0.7407242538404242,0.5172413793103449,0.5333333333333333,0.8205128205128205,0.3950617283950617,0.5170210727969349,81,116,0.522159090909091,0.6983243166315385,0.45132743362831856,0.46551724137931044,0.75,0.3375,0.5678761061946902,80,113,,,,,,
closeness_centrality,network_heuristic,native_score,101,2,0.05,0.5008064516129033,0.7465129922974857,0.44144144144144143,0.46551724137931044,0.75,0.3375,0.6350526348471087,80,111,0.5573192239858906,0.7784824971667028,0.4482758620689655,0.3846153846153846,0.8695652173913043,0.24691358024691357,0.6381675561312893,81,116,0.6005681818181818,0.7300223343688037,0.35398230088495575,0.3177570093457944,0.6296296296296297,0.2125,0.6588322026706702,80,113,,,,,,
composite_risk_score,network_heuristic,native_score,101,2,0.05,0.5032258064516129,0.7379583003492323,0.7297297297297297,0.8421052631578948,0.7272727272727273,1.0,0.2560872886271113,80,111,0.5294532627865961,0.7393447235623638,0.7068965517241379,0.826530612244898,0.7043478260869566,1.0,0.24589878602443863,81,116,0.3450757575757576,0.6169520491625963,0.6902654867256637,0.8167539267015707,0.7027027027027027,0.975,0.2979881625148321,80,113,,,,,,
gaussian_naive_bayes,traditional_ml,full,101,2,0.05,0.7028225806451613,0.8444526951740849,0.7207207207207207,0.8287292817679558,0.7425742574257426,0.9375,0.20249747320441874,80,111,0.454673721340388,0.6597283102842144,0.6896551724137931,0.8021978021978022,0.7227722772277227,0.9012345679012346,0.284668186336404,81,116,0.5636363636363636,0.7509800320942708,0.672566371681416,0.7978142076502732,0.7087378640776699,0.9125,0.26679546937018234,80,113,,,,,,
no_graph_logistic,traditional_ml,full,101,2,0.05,0.6060483870967742,0.7652509078846185,0.7207207207207207,0.837696335078534,0.7207207207207207,1.0,0.24938258341750907,80,111,0.5523809523809524,0.7745388815311891,0.6982758620689655,0.8223350253807107,0.6982758620689655,1.0,0.25040982306653276,81,116,0.6549242424242424,0.7839879918591952,0.7079646017699115,0.8290155440414507,0.7079646017699115,1.0,0.24898658595337206,80,113,2.0,0.7745388815311891,50.0,800.0,True,
no_graph_mlp,traditional_ml,full,101,2,0.05,0.6399193548387097,0.8038257580907867,0.7207207207207207,0.837696335078534,0.7207207207207207,1.0,0.25018694861278984,80,111,0.4656084656084656,0.743001638537261,0.6982758620689655,0.8223350253807107,0.6982758620689655,1.0,0.2504545429388293,81,116,0.5643939393939394,0.7135178687563601,0.7079646017699115,0.8290155440414507,0.7079646017699115,1.0,0.25042379705520057,80,113,126.0,0.743001638537261,50.0,800.0,True,8.0
graphsage_mean_neighbor,graph_model,full,101,2,0.05,0.6125,0.7951250421046088,0.7207207207207207,0.837696335078534,0.7207207207207207,1.0,0.24510405019577985,80,111,0.46278659611992945,0.7110912022718546,0.6982758620689655,0.8223350253807107,0.6982758620689655,1.0,0.24682861796839056,81,116,0.5242424242424243,0.7108274869676869,0.7079646017699115,0.8290155440414507,0.7079646017699115,1.0,0.245947013798151,80,113,3.0,0.7110912022718546,50.0,800.0,True,
