node_id,site,group,sex,hhid,degree,weighted_degree_sec,contact_count,degree_centrality,betweenness_centrality,closeness_centrality,clustering,core_number,graph_center_score,composite_trace_score,rank_by_composite_trace
1665,SocioPatterns primary school,1B,M,sociopatterns_primary_school_component_0,123,48940.0,2447.0,0.5103734439834025,0.009243899736491683,0.6713091922005571,0.40956950553112087,47,0.5,0.51631217616647,1
1697,SocioPatterns primary school,1B,M,sociopatterns_primary_school_component_0,116,50640.0,2532.0,0.48132780082987553,0.006820835479909158,0.6584699453551912,0.4373313343328336,47,0.5,0.5138535697071784,2
1695,SocioPatterns primary school,1B,F,sociopatterns_primary_school_component_0,103,51880.0,2594.0,0.42738589211618255,0.005072847273513132,0.6358839050131926,0.43670283647439556,47,0.5,0.5005996316953666,3
1698,SocioPatterns primary school,1B,M,sociopatterns_primary_school_component_0,99,48840.0,2442.0,0.4107883817427386,0.005150046686380632,0.6292428198433421,0.46485260770975056,47,0.5,0.4801567525077589,4
1613,SocioPatterns primary school,2A,M,sociopatterns_primary_school_component_0,111,44980.0,2249.0,0.4605809128630705,0.009159601451164838,0.6495956873315364,0.40606060606060607,47,0.5,0.47978543254481343,5
1890,SocioPatterns primary school,2B,M,sociopatterns_primary_school_component_0,120,41920.0,2096.0,0.4979253112033195,0.00991536645096514,0.6657458563535912,0.43529411764705883,47,0.5,0.47826155827149364,6
1912,SocioPatterns primary school,1B,M,sociopatterns_primary_school_component_0,111,44540.0,2227.0,0.4605809128630705,0.005776456265741557,0.6495956873315364,0.4543816543816544,47,0.5,0.47698852594412045,7
1666,SocioPatterns primary school,1B,M,sociopatterns_primary_school_component_0,110,44680.0,2234.0,0.45643153526970953,0.006394809439871937,0.6478494623655914,0.43319432860717266,47,0.5,0.4763345481915092,8
1675,SocioPatterns primary school,1B,F,sociopatterns_primary_school_component_0,104,43940.0,2197.0,0.4315352697095436,0.0056731860358014835,0.6375661375661376,0.43876026885735625,47,0.5,0.46391060920765936,9
1700,SocioPatterns primary school,3B,F,sociopatterns_primary_school_component_0,121,38620.0,1931.0,0.5020746887966805,0.008142805664809146,0.667590027700831,0.4297520661157025,47,0.5,0.4634572465448763,10
1851,SocioPatterns primary school,2B,M,sociopatterns_primary_school_component_0,111,39280.0,1964.0,0.4605809128630705,0.008706620171539902,0.6495956873315364,0.4443898443898444,47,0.5,0.4522276042148715,11
1558,SocioPatterns primary school,3B,M,sociopatterns_primary_school_component_0,101,42380.0,2119.0,0.4190871369294606,0.005689085624285397,0.6325459317585301,0.4647524752475248,47,0.5,0.4520395949268067,12
1765,SocioPatterns primary school,1B,F,sociopatterns_primary_school_component_0,118,36900.0,1845.0,0.4896265560165975,0.008126839798377541,0.6620879120879121,0.4151818050123135,47,0.5,0.45080884914991015,13
1708,SocioPatterns primary school,2B,M,sociopatterns_primary_school_component_0,118,36780.0,1839.0,0.4896265560165975,0.008576683128491724,0.6620879120879121,0.44400985078951183,47,0.5,0.45032056029858536,14
1579,SocioPatterns primary school,3B,M,sociopatterns_primary_school_component_0,122,35280.0,1764.0,0.5062240663900415,0.008740751914188794,0.6694444444444444,0.4187779433681073,47,0.5,0.44893428371958355,15
1551,SocioPatterns primary school,3B,M,sociopatterns_primary_school_component_0,134,30280.0,1514.0,0.5560165975103735,0.013270962739313342,0.6925287356321839,0.39591516103692065,47,0.5,0.44317364855390273,16
1552,SocioPatterns primary school,3B,F,sociopatterns_primary_school_component_0,123,33680.0,1684.0,0.5103734439834025,0.00981664601602259,0.6713091922005571,0.4174330267892843,47,0.5,0.4428916444663237,17
1628,SocioPatterns primary school,2A,M,sociopatterns_primary_school_component_0,111,36740.0,1837.0,0.4605809128630705,0.008552534751028565,0.6495956873315364,0.42882882882882883,47,0.5,0.43995700301357565,18
1780,SocioPatterns primary school,3A,M,sociopatterns_primary_school_component_0,129,30680.0,1534.0,0.5352697095435685,0.008226304919442281,0.6827195467422096,0.44004360465116277,47,0.5,0.4368308312593726,19
1625,SocioPatterns primary school,2A,M,sociopatterns_primary_school_component_0,104,38120.0,1906.0,0.4315352697095436,0.006349551218107788,0.6375661375661376,0.4443614637789395,47,0.5,0.4360003926527559,20
1673,SocioPatterns primary school,1B,M,sociopatterns_primary_school_component_0,124,31360.0,1568.0,0.5145228215767634,0.008365147161256222,0.6731843575418994,0.4154209284028324,47,0.5,0.4328739815176573,21
1822,SocioPatterns primary school,3A,M,sociopatterns_primary_school_component_0,113,33940.0,1697.0,0.46887966804979253,0.005208216800886263,0.6531165311653117,0.47850821744627053,47,0.5,0.4287000283341197,22
1437,SocioPatterns primary school,5B,F,sociopatterns_primary_school_component_0,95,38200.0,1910.0,0.3941908713692946,0.004901823462618675,0.6227390180878553,0.47592385218365063,47,0.5,0.4230258126941361,23
1889,SocioPatterns primary school,2B,F,sociopatterns_primary_school_component_0,87,40380.0,2019.0,0.36099585062240663,0.004734361874333249,0.610126582278481,0.4768778401496926,47,0.5,0.42187907468021857,24
1833,SocioPatterns primary school,3A,M,sociopatterns_primary_school_component_0,117,31100.0,1555.0,0.4854771784232365,0.006515274582847989,0.6602739726027397,0.4450338933097554,47,0.5,0.4210851406106546,25
1563,SocioPatterns primary school,5B,F,sociopatterns_primary_school_component_0,97,36980.0,1849.0,0.4024896265560166,0.006713279694554332,0.625974025974026,0.4420103092783505,47,0.5,0.42041371682950746,26
1457,SocioPatterns primary school,5A,F,sociopatterns_primary_school_component_0,111,32040.0,1602.0,0.4605809128630705,0.006894366012295783,0.6495956873315364,0.45257985257985256,47,0.5,0.41697694983637656,27
1911,SocioPatterns primary school,2A,M,sociopatterns_primary_school_component_0,97,35760.0,1788.0,0.4024896265560166,0.005020497984979357,0.625974025974026,0.48152920962199314,47,0.5,0.4141962090612239,28
1757,SocioPatterns primary school,1A,F,sociopatterns_primary_school_component_0,112,31080.0,1554.0,0.46473029045643155,0.0059567213981159585,0.6513513513513514,0.45962033462033464,47,0.5,0.41361564293243513,29
1684,SocioPatterns primary school,1B,F,sociopatterns_primary_school_component_0,103,32980.0,1649.0,0.42738589211618255,0.005510938919018144,0.6358839050131926,0.4504092899295641,47,0.5,0.40961169104220074,30
1688,SocioPatterns primary school,1B,M,sociopatterns_primary_school_component_0,86,37860.0,1893.0,0.35684647302904565,0.004330694428647376,0.6085858585858586,0.44076607387140904,47,0.5,0.4082026511691028,31
1749,SocioPatterns primary school,2B,F,sociopatterns_primary_school_component_0,92,35400.0,1770.0,0.3817427385892116,0.005101500992820504,0.617948717948718,0.4617773530817009,47,0.5,0.4052162263223672,32
1458,SocioPatterns primary school,5A,M,sociopatterns_primary_school_component_0,98,33520.0,1676.0,0.4066390041493776,0.00667919122838685,0.6276041666666666,0.42478434672838206,47,0.5,0.40518608954375757,33
1916,SocioPatterns primary school,2A,M,sociopatterns_primary_school_component_0,109,29880.0,1494.0,0.45228215767634855,0.006579932697054401,0.646112600536193,0.45922528032619775,47,0.5,0.40360086354571656,34
1761,SocioPatterns primary school,1A,M,sociopatterns_primary_school_component_0,128,23940.0,1197.0,0.5311203319502075,0.010299139150097687,0.6807909604519774,0.41326279527559057,47,0.5,0.40331431872346335,35
1902,SocioPatterns primary school,2A,M,sociopatterns_primary_school_component_0,98,32800.0,1640.0,0.4066390041493776,0.005910879595593586,0.6276041666666666,0.4548706080370292,47,0.5,0.40156288211311253,36
1837,SocioPatterns primary school,4A,M,sociopatterns_primary_school_component_0,96,31640.0,1582.0,0.3983402489626556,0.005225941428382214,0.6243523316062176,0.46074561403508774,47,0.5,0.39293150749662287,37
1498,SocioPatterns primary school,5A,M,sociopatterns_primary_school_component_0,106,27580.0,1379.0,0.43983402489626555,0.006471003213784389,0.6409574468085106,0.43863432165318955,47,0.5,0.3881389620935354,38
1533,SocioPatterns primary school,4A,M,sociopatterns_primary_school_component_0,96,29960.0,1498.0,0.3983402489626556,0.005172125069160935,0.6243523316062176,0.47982456140350876,47,0.5,0.3848251389819104,39
1560,SocioPatterns primary school,3B,F,sociopatterns_primary_school_component_0,100,28680.0,1434.0,0.4149377593360996,0.005847862959700832,0.6308900523560209,0.41838383838383836,47,0.5,0.3846013350056814,40
1719,SocioPatterns primary school,3A,F,sociopatterns_primary_school_component_0,90,31160.0,1558.0,0.37344398340248963,0.004183047838096477,0.6147959183673469,0.4826466916354557,47,0.5,0.3816962057631167,41
1572,SocioPatterns primary school,3B,F,sociopatterns_primary_school_component_0,106,25960.0,1298.0,0.43983402489626555,0.006133692694536004,0.6409574468085106,0.43557951482479784,47,0.5,0.3802650235054914,42
1503,SocioPatterns primary school,4A,F,sociopatterns_primary_school_component_0,93,29580.0,1479.0,0.38589211618257263,0.006561643708387991,0.6195372750642674,0.4359513791491351,47,0.5,0.3789150474317924,43
1480,SocioPatterns primary school,5B,F,sociopatterns_primary_school_component_0,95,28500.0,1425.0,0.3941908713692946,0.006256881031039342,0.6227390180878553,0.451959686450168,47,0.5,0.3765543415555458,44
1477,SocioPatterns primary school,5A,M,sociopatterns_primary_school_component_0,98,27280.0,1364.0,0.4066390041493776,0.006795635829698541,0.6276041666666666,0.42857142857142855,47,0.5,0.3751399875619381,45
1909,SocioPatterns primary school,3A,M,sociopatterns_primary_school_component_0,97,27380.0,1369.0,0.4024896265560166,0.003659610777768358,0.625974025974026,0.4997852233676976,47,0.5,0.3735423816583322,46
1730,SocioPatterns primary school,4A,Unknown,sociopatterns_primary_school_component_0,108,23840.0,1192.0,0.44813278008298757,0.006160150285539739,0.6443850267379679,0.46053997923156803,47,0.5,0.37295899653256837,47
1704,SocioPatterns primary school,2B,M,sociopatterns_primary_school_component_0,95,27140.0,1357.0,0.3941908713692946,0.004376261918223151,0.6227390180878553,0.5106382978723404,47,0.5,0.3696246325363749,48
1838,SocioPatterns primary school,3A,M,sociopatterns_primary_school_component_0,90,28680.0,1434.0,0.37344398340248963,0.0033739123169362686,0.6147959183673469,0.49388264669163545,47,0.5,0.36958372330036504,49
1664,SocioPatterns primary school,1B,M,sociopatterns_primary_school_component_0,85,30060.0,1503.0,0.35269709543568467,0.003387707515059869,0.6070528967254408,0.4837535014005602,47,0.5,0.3689750330011069,50
1861,SocioPatterns primary school,2B,F,sociopatterns_primary_school_component_0,80,38300.0,1915.0,0.33195020746887965,0.003781772216696472,0.598014888337469,0.48037974683544304,47,0.3333333333333333,0.3681661180109295,51
1443,SocioPatterns primary school,5B,F,sociopatterns_primary_school_component_0,96,24920.0,1246.0,0.3983402489626556,0.005187437252506517,0.6243523316062176,0.4723684210526316,47,0.5,0.36054138568997507,52
1887,SocioPatterns primary school,2B,M,sociopatterns_primary_school_component_0,89,26980.0,1349.0,0.36929460580912865,0.0045212438891206914,0.6132315521628499,0.47650663942798777,47,0.5,0.36016892596136607,53
1855,SocioPatterns primary school,2B,M,sociopatterns_primary_school_component_0,89,26960.0,1348.0,0.36929460580912865,0.0037976783236200015,0.6132315521628499,0.524514811031665,47,0.5,0.35992783659537464,54
1795,SocioPatterns primary school,3A,F,sociopatterns_primary_school_component_0,89,26600.0,1330.0,0.36929460580912865,0.0027397003907934196,0.6132315521628499,0.5360061287027579,47,0.5,0.35798146845676626,55
1594,SocioPatterns primary school,3B,M,sociopatterns_primary_school_component_0,97,23940.0,1197.0,0.4024896265560166,0.004981052635964397,0.625974025974026,0.46069587628865977,47,0.5,0.3572299545326699,56
1434,SocioPatterns primary school,5B,F,sociopatterns_primary_school_component_0,94,24580.0,1229.0,0.3900414937759336,0.005507859990302448,0.6211340206185567,0.44680851063829785,47,0.5,0.35606250962302965,57
1722,SocioPatterns primary school,3A,F,sociopatterns_primary_school_component_0,95,24300.0,1215.0,0.3941908713692946,0.003351765982569172,0.6227390180878553,0.4998880179171333,47,0.5,0.35573430543868134,58
1767,SocioPatterns primary school,1A,M,sociopatterns_primary_school_component_0,85,26560.0,1328.0,0.35269709543568467,0.0031744205747218763,0.6070528967254408,0.5050420168067227,47,0.5,0.3520665313570639,59
1452,SocioPatterns primary school,5A,M,sociopatterns_primary_school_component_0,77,28660.0,1433.0,0.31950207468879666,0.0028603343168716474,0.5950617283950618,0.5184552289815447,47,0.5,0.35050496339766823,60
1617,SocioPatterns primary school,2A,F,sociopatterns_primary_school_component_0,72,29500.0,1475.0,0.2987551867219917,0.002533063996316194,0.5878048780487805,0.4894366197183099,47,0.5,0.3472259011666095,61
1768,SocioPatterns primary school,1A,F,sociopatterns_primary_school_component_0,96,22020.0,1101.0,0.3983402489626556,0.0047907756291694055,0.6243523316062176,0.4723684210526316,47,0.5,0.34648749669607093,62
1696,SocioPatterns primary school,1B,F,sociopatterns_primary_school_component_0,79,27180.0,1359.0,0.3278008298755187,0.002988304662451502,0.598014888337469,0.47938980850373253,47,0.5,0.3463032790681817,63
1663,SocioPatterns primary school,1B,F,sociopatterns_primary_school_component_0,55,41200.0,2060.0,0.22821576763485477,0.0019204434645749499,0.5617715617715617,0.48754208754208755,41,0.3333333333333333,0.34546135498783326,64
1857,SocioPatterns primary school,4B,F,sociopatterns_primary_school_component_0,88,23960.0,1198.0,0.3651452282157676,0.00512014204929989,0.6116751269035533,0.4386102403343783,47,0.5,0.34428360924914114,65
1532,SocioPatterns primary school,4A,M,sociopatterns_primary_school_component_0,92,22780.0,1139.0,0.3817427385892116,0.0041612769376655305,0.617948717948718,0.48757763975155277,47,0.5,0.3442147659369337,66
1567,SocioPatterns primary school,3B,M,sociopatterns_primary_school_component_0,86,24480.0,1224.0,0.35684647302904565,0.003932226110710769,0.6085858585858586,0.4744186046511628,47,0.5,0.34364724432124416,67
1501,SocioPatterns primary school,5A,F,sociopatterns_primary_school_component_0,76,26180.0,1309.0,0.3153526970954357,0.002326264634569775,0.5935960591133005,0.5256140350877193,47,0.5,0.3369952119450119,68
1656,SocioPatterns primary school,1B,M,sociopatterns_primary_school_component_0,82,24040.0,1202.0,0.34024896265560167,0.003372788486189839,0.6025,0.4667268894911171,47,0.5,0.33560595060202625,69
1866,SocioPatterns primary school,4B,M,sociopatterns_primary_school_component_0,97,19160.0,958.0,0.4024896265560166,0.007995580454847486,0.625974025974026,0.4104381443298969,47,0.5,0.33479893565542884,70
1907,SocioPatterns primary school,2A,F,sociopatterns_primary_school_component_0,87,29040.0,1452.0,0.36099585062240663,0.004283876074590709,0.6070528967254408,0.4619085805934242,47,0.3333333333333333,0.33381030879757667,71
1720,SocioPatterns primary school,3A,F,sociopatterns_primary_school_component_0,84,23080.0,1154.0,0.34854771784232363,0.002271837386333175,0.6055276381909548,0.5648307515777395,47,0.5,0.33366426455862574,72
1847,SocioPatterns primary school,4B,M,sociopatterns_primary_school_component_0,89,21180.0,1059.0,0.36929460580912865,0.006355596568864615,0.6132315521628499,0.42134831460674155,47,0.5,0.3325866831588415,73
1743,SocioPatterns primary school,2B,F,sociopatterns_primary_school_component_0,72,26220.0,1311.0,0.2987551867219917,0.00323920213112241,0.5878048780487805,0.4831768388106416,47,0.5,0.33156142331939964,74
1763,SocioPatterns primary school,3A,M,sociopatterns_primary_school_component_0,91,20120.0,1006.0,0.3775933609958506,0.004235642213042377,0.6163682864450127,0.46324786324786327,47,0.5,0.3299593151997915,75
1426,SocioPatterns primary school,5B,M,sociopatterns_primary_school_component_0,83,22180.0,1109.0,0.34439834024896265,0.0032326604589530644,0.6040100250626567,0.5301204819277109,47,0.5,0.32806721563536545,76
1711,SocioPatterns primary school,1A,F,sociopatterns_primary_school_component_0,86,21080.0,1054.0,0.35684647302904565,0.005014431941485279,0.6085858585858586,0.4232558139534884,47,0.5,0.3274797224958802,77
1493,SocioPatterns primary school,5A,F,sociopatterns_primary_school_component_0,83,21860.0,1093.0,0.34439834024896265,0.0026950396660810894,0.6040100250626567,0.5245371730825742,47,0.5,0.32641767143053046,78
1674,SocioPatterns primary school,1B,F,sociopatterns_primary_school_component_0,75,23960.0,1198.0,0.3112033195020747,0.0029882419418482027,0.5921375921375921,0.47855855855855856,47,0.5,0.3249775611778583,79
1859,SocioPatterns primary school,3A,F,sociopatterns_primary_school_component_0,88,26940.0,1347.0,0.3651452282157676,0.0032589818656743553,0.6085858585858586,0.5245559038662487,47,0.3333333333333333,0.3249381055598846,80
1745,SocioPatterns primary school,Teachers,Unknown,sociopatterns_primary_school_component_0,56,28940.0,1447.0,0.23236514522821577,0.0018542325220381498,0.5657276995305164,0.4896103896103896,41,0.5,0.3211550852679763,81
1500,SocioPatterns primary school,4A,M,sociopatterns_primary_school_component_0,82,20900.0,1045.0,0.34024896265560167,0.0044448966670857445,0.6025,0.4667268894911171,47,0.5,0.32068930053427325,82
1705,SocioPatterns primary school,4A,M,sociopatterns_primary_school_component_0,68,24680.0,1234.0,0.2821576763485477,0.0019250768281121318,0.5821256038647343,0.5443371378402108,47,0.5,0.318068498155463,83
1468,SocioPatterns primary school,5A,M,sociopatterns_primary_school_component_0,84,19660.0,983.0,0.34854771784232363,0.0036898645791121312,0.6055276381909548,0.4661503155479059,47,0.5,0.3174675307527714,84
1502,SocioPatterns primary school,5A,F,sociopatterns_primary_school_component_0,73,23020.0,1151.0,0.3029045643153527,0.0022208038051601047,0.589242053789731,0.5361491628614916,47,0.5,0.31738982534927745,85
1787,SocioPatterns primary school,1A,F,sociopatterns_primary_school_component_0,80,20660.0,1033.0,0.33195020746887965,0.004281643886197553,0.599502487562189,0.4433544303797468,47,0.5,0.31659557062804744,86
1920,SocioPatterns primary school,1B,F,sociopatterns_primary_school_component_0,71,30180.0,1509.0,0.2946058091286307,0.0025315913996293697,0.5835351089588378,0.5078470824949698,47,0.3333333333333333,0.31571678375456624,87
1574,SocioPatterns primary school,3B,F,sociopatterns_primary_school_component_0,63,32520.0,1626.0,0.26141078838174275,0.00263624012631954,0.5683962264150944,0.4874551971326165,43,0.3333333333333333,0.3153954778267742,88
1489,SocioPatterns primary school,5B,F,sociopatterns_primary_school_component_0,76,21640.0,1082.0,0.3153526970954357,0.003033067971799788,0.5935960591133005,0.4957894736842105,47,0.5,0.3152591632061356,89
1895,SocioPatterns primary school,4B,F,sociopatterns_primary_school_component_0,81,19940.0,997.0,0.3360995850622407,0.0053915951636326785,0.600997506234414,0.41172839506172837,47,0.5,0.3148002979371245,90
1482,SocioPatterns primary school,5B,M,sociopatterns_primary_school_component_0,81,19700.0,985.0,0.3360995850622407,0.0028815216293935782,0.600997506234414,0.5459876543209876,47,0.5,0.3131417681955812,91
1685,SocioPatterns primary school,3B,F,sociopatterns_primary_school_component_0,63,32020.0,1601.0,0.26141078838174275,0.0023187852581882263,0.5738095238095238,0.5099846390168971,43,0.3333333333333333,0.3129225805308657,92
1821,SocioPatterns primary school,4B,F,sociopatterns_primary_school_component_0,83,25660.0,1283.0,0.34439834024896265,0.005602462677434513,0.6025,0.4208051719071408,47,0.3333333333333333,0.31197731074881246,93
1843,SocioPatterns primary school,3A,M,sociopatterns_primary_school_component_0,92,22980.0,1149.0,0.3817427385892116,0.004495834868177476,0.6163682864450127,0.4830387004300048,47,0.3333333333333333,0.31191210671861563,94
1748,SocioPatterns primary school,3A,M,sociopatterns_primary_school_component_0,77,20660.0,1033.0,0.31950207468879666,0.002546909683541097,0.5950617283950618,0.5287081339712919,47,0.5,0.31189177731448714,95
1429,SocioPatterns primary school,5B,F,sociopatterns_primary_school_component_0,64,24260.0,1213.0,0.26556016597510373,0.0025947675119340962,0.5765550239234449,0.5188492063492064,46,0.5,0.31036940635080495,96
1548,SocioPatterns primary school,4A,M,sociopatterns_primary_school_component_0,79,19360.0,968.0,0.3278008298755187,0.004968674336590426,0.598014888337469,0.45731905225576114,47,0.5,0.309016238122516,97
1439,SocioPatterns primary school,5B,M,sociopatterns_primary_school_component_0,76,20000.0,1000.0,0.3153526970954357,0.002598133750419092,0.5935960591133005,0.5382456140350877,47,0.5,0.3072693236247739,98
1790,SocioPatterns primary school,1A,F,sociopatterns_primary_school_component_0,90,15500.0,775.0,0.37344398340248963,0.004489000880756324,0.6147959183673469,0.49313358302122345,47,0.5,0.3062947903577705,99
1707,SocioPatterns primary school,3B,M,sociopatterns_primary_school_component_0,68,29040.0,1452.0,0.2821576763485477,0.0028899675240876385,0.5793269230769231,0.5131694468832309,44,0.3333333333333333,0.30593816609162544,100
1431,SocioPatterns primary school,5B,F,sociopatterns_primary_school_component_0,71,21220.0,1061.0,0.2946058091286307,0.0027002274874521706,0.5863746958637469,0.5098591549295775,47,0.5,0.30590728301016734,101
1522,SocioPatterns primary school,5A,M,sociopatterns_primary_school_component_0,71,21080.0,1054.0,0.2946058091286307,0.003730825237167371,0.5863746958637469,0.49295774647887325,47,0.5,0.3054387687898713,102
1714,SocioPatterns primary school,3A,M,sociopatterns_primary_school_component_0,82,17520.0,876.0,0.34024896265560167,0.002539559381795622,0.6025,0.5130984643179766,47,0.5,0.3040206463385876,103
1908,SocioPatterns primary school,1B,M,sociopatterns_primary_school_component_0,62,30260.0,1513.0,0.2572614107883817,0.0024215289141475793,0.5710900473933649,0.48069804336329985,43,0.3333333333333333,0.3030097368499479,104
1578,SocioPatterns primary school,5B,M,sociopatterns_primary_school_component_0,71,20060.0,1003.0,0.2946058091286307,0.002721488281679489,0.5863746958637469,0.5179074446680081,47,0.5,0.3003217125013181,105
1885,SocioPatterns primary school,4B,M,sociopatterns_primary_school_component_0,81,16840.0,842.0,0.3360995850622407,0.004778297733709977,0.600997506234414,0.42777777777777776,47,0.5,0.29973931925299035,106
1555,SocioPatterns primary school,3B,F,sociopatterns_primary_school_component_0,68,27420.0,1371.0,0.2821576763485477,0.003117121605644251,0.5793269230769231,0.5074626865671642,43,0.3333333333333333,0.2981771204237425,107
1764,SocioPatterns primary school,1A,M,sociopatterns_primary_school_component_0,77,17620.0,881.0,0.31950207468879666,0.002453075020914661,0.5950617283950618,0.48735475051264526,47,0.5,0.29722381994248614,108
1852,SocioPatterns primary school,Teachers,Unknown,sociopatterns_primary_school_component_0,61,22240.0,1112.0,0.25311203319502074,0.004265544609705998,0.5724465558194775,0.41092896174863386,41,0.5,0.2966127137553103,109
1564,SocioPatterns primary school,3B,M,sociopatterns_primary_school_component_0,78,17120.0,856.0,0.3236514522821577,0.002509481077788014,0.5965346534653465,0.5724275724275725,47,0.5,0.29627797698925495,110
1702,SocioPatterns primary school,2B,F,sociopatterns_primary_school_component_0,58,29720.0,1486.0,0.24066390041493776,0.001825615821326575,0.5630841121495327,0.5317604355716878,42,0.3333333333333333,0.29447926677261355,111
1718,SocioPatterns primary school,2B,F,sociopatterns_primary_school_component_0,58,29600.0,1480.0,0.24066390041493776,0.0019186373196033806,0.5670588235294117,0.5511191772534785,42,0.3333333333333333,0.2939196135549212,112
1732,SocioPatterns primary school,2B,M,sociopatterns_primary_school_component_0,73,17160.0,858.0,0.3029045643153527,0.0026029603946653556,0.589242053789731,0.5300608828006088,47,0.5,0.2892280145700312,113
1465,SocioPatterns primary school,5B,F,sociopatterns_primary_school_component_0,61,20520.0,1026.0,0.25311203319502074,0.001780553362205677,0.5724465558194775,0.5519125683060109,47,0.5,0.2878273577571594,114
1775,SocioPatterns primary school,1A,Unknown,sociopatterns_primary_school_component_0,70,17540.0,877.0,0.29045643153526973,0.0028529948245570634,0.5849514563106796,0.4720496894409938,47,0.5,0.28675232378791504,115
1727,SocioPatterns primary school,3B,F,sociopatterns_primary_school_component_0,80,21240.0,1062.0,0.33195020746887965,0.0035666230353957693,0.598014888337469,0.47310126582278483,47,0.3333333333333333,0.28591414445840113,116
1766,SocioPatterns primary school,1A,M,sociopatterns_primary_school_component_0,68,17780.0,889.0,0.2821576763485477,0.002000974513312151,0.5821256038647343,0.5197541703248464,47,0.5,0.2848338704450088,117
1802,SocioPatterns primary school,4B,M,sociopatterns_primary_school_component_0,72,16320.0,816.0,0.2987551867219917,0.003935178648466279,0.5878048780487805,0.4507042253521127,47,0.5,0.28399437344168105,118
1783,SocioPatterns primary school,1A,M,sociopatterns_primary_school_component_0,72,16200.0,810.0,0.2987551867219917,0.0040736648201801775,0.5878048780487805,0.4194053208137715,47,0.5,0.28344381315867606,119
1759,SocioPatterns primary school,1A,M,sociopatterns_primary_school_component_0,79,20960.0,1048.0,0.3278008298755187,0.004303290011855942,0.5965346534653465,0.4225900681596884,47,0.3333333333333333,0.2832599281555388,120
1797,SocioPatterns primary school,4A,M,sociopatterns_primary_school_component_0,64,18480.0,924.0,0.26556016597510373,0.002147641836364627,0.5765550239234449,0.5262896825396826,47,0.5,0.28242724413010895,121
1815,SocioPatterns primary school,4A,F,sociopatterns_primary_school_component_0,54,28280.0,1414.0,0.22406639004149378,0.0013798716109590858,0.5617715617715617,0.5555555555555556,43,0.3333333333333333,0.28164189909166193,122
1835,SocioPatterns primary school,4B,F,sociopatterns_primary_school_component_0,78,13840.0,692.0,0.3236514522821577,0.00461091398262641,0.5965346534653465,0.43922743922743923,47,0.5,0.2808925580960515,123
1648,SocioPatterns primary school,2A,F,sociopatterns_primary_school_component_0,70,23280.0,1164.0,0.29045643153526973,0.0017891659054109497,0.5835351089588378,0.5403726708074534,47,0.3333333333333333,0.280866209250552,124
1428,SocioPatterns primary school,5B,M,sociopatterns_primary_school_component_0,82,12540.0,627.0,0.34024896265560167,0.0023673555606706655,0.6025,0.5401987353206865,47,0.5,0.2799885186044321,125
1459,SocioPatterns primary school,5A,M,sociopatterns_primary_school_component_0,63,17340.0,867.0,0.26141078838174275,0.003352714525364005,0.5751789976133651,0.5079365079365079,43,0.5,0.27572253009542913,126
1606,SocioPatterns primary school,2A,F,sociopatterns_primary_school_component_0,54,26260.0,1313.0,0.22406639004149378,0.0027663032050828725,0.5591647331786543,0.4143955276030748,39,0.3333333333333333,0.2721851838684667,127
1772,SocioPatterns primary school,1A,F,sociopatterns_primary_school_component_0,65,16040.0,802.0,0.2697095435684647,0.00201789730467819,0.5779376498800959,0.4894230769230769,47,0.5,0.2720956745287109,128
1585,SocioPatterns primary school,5B,M,sociopatterns_primary_school_component_0,79,18500.0,925.0,0.3278008298755187,0.00361288970761805,0.5965346534653465,0.5086011035378124,47,0.3333333333333333,0.27126756898906285,129
1922,SocioPatterns primary school,2A,F,sociopatterns_primary_school_component_0,64,22800.0,1140.0,0.26556016597510373,0.0020066255106131374,0.5738095238095238,0.4945436507936508,43,0.3333333333333333,0.2698829781561434,130
1751,SocioPatterns primary school,5A,F,sociopatterns_primary_school_component_0,72,13300.0,665.0,0.2987551867219917,0.0023201211145183346,0.5878048780487805,0.5105633802816901,47,0.5,0.269118547748307,131
1520,SocioPatterns primary school,5A,F,sociopatterns_primary_school_component_0,72,20000.0,1000.0,0.2987551867219917,0.002151638909050623,0.5835351089588378,0.5113458528951487,47,0.3333333333333333,0.26803756269246143,132
1549,SocioPatterns primary school,4A,M,sociopatterns_primary_school_component_0,70,13660.0,683.0,0.29045643153526973,0.0026830662789530616,0.5849514563106796,0.505175983436853,47,0.5,0.26802134501788444,133
1789,SocioPatterns primary school,1A,M,sociopatterns_primary_school_component_0,69,13800.0,690.0,0.2863070539419087,0.0025766918055057813,0.5835351089588378,0.47357203751065646,47,0.5,0.2672224217357576,134
1792,SocioPatterns primary school,1A,M,sociopatterns_primary_school_component_0,70,20300.0,1015.0,0.29045643153526973,0.0022174938431184774,0.5835351089588378,0.49523809523809526,47,0.3333333333333333,0.2665918131572917,135
1641,SocioPatterns primary school,2A,F,sociopatterns_primary_school_component_0,58,23540.0,1177.0,0.24066390041493776,0.0012367926574351513,0.5670588235294117,0.5474894131881428,42,0.3333333333333333,0.2645812399964274,136
1752,SocioPatterns primary school,1A,M,sociopatterns_primary_school_component_0,78,17140.0,857.0,0.3236514522821577,0.0031455995060376833,0.5950617283950618,0.4745254745254745,47,0.3333333333333333,0.26316824359446284,137
1898,SocioPatterns primary school,2B,F,sociopatterns_primary_school_component_0,71,19000.0,950.0,0.2946058091286307,0.0029591989671692437,0.5849514563106796,0.4937625754527163,46,0.3333333333333333,0.26192797990184447,138
1706,SocioPatterns primary school,2B,F,sociopatterns_primary_school_component_0,33,30200.0,1510.0,0.13692946058091288,0.0004599747880166309,0.5160599571734475,0.6988636363636364,30,0.3333333333333333,0.26021211469343375,139
1798,SocioPatterns primary school,1A,M,sociopatterns_primary_school_component_0,75,10440.0,522.0,0.3112033195020747,0.00456269469618555,0.5921375921375921,0.39675675675675676,47,0.5,0.2601421047742154,140
1546,SocioPatterns primary school,4A,F,sociopatterns_primary_school_component_0,59,15120.0,756.0,0.24481327800829875,0.002364645610424402,0.5697399527186762,0.5014611338398597,43,0.5,0.25901802361080284,141
1528,SocioPatterns primary school,4A,M,sociopatterns_primary_school_component_0,49,18160.0,908.0,0.2033195020746888,0.0012840348037454713,0.5565819861431871,0.5102040816326531,40,0.5,0.2589282703121793,142
1801,SocioPatterns primary school,3A,F,sociopatterns_primary_school_component_0,74,17480.0,874.0,0.3070539419087137,0.0023305394216731256,0.589242053789731,0.5449833395038874,47,0.3333333333333333,0.25883449924603646,143
1796,SocioPatterns primary school,1A,F,sociopatterns_primary_school_component_0,66,12460.0,623.0,0.27385892116182575,0.0025587498183760856,0.5793269230769231,0.4358974358974359,45,0.5,0.25640477792158645,144
1782,SocioPatterns primary school,3A,M,sociopatterns_primary_school_component_0,70,18140.0,907.0,0.29045643153526973,0.0014476443704513075,0.5835351089588378,0.5813664596273292,47,0.3333333333333333,0.25602920795049916,145
1731,SocioPatterns primary school,3B,M,sociopatterns_primary_school_component_0,58,20320.0,1016.0,0.24066390041493776,0.0011384749370604117,0.5630841121495327,0.6001209921355112,43,0.3333333333333333,0.24904499973685512,146
1562,SocioPatterns primary school,3B,F,sociopatterns_primary_school_component_0,58,20040.0,1002.0,0.24066390041493776,0.0019220559867881323,0.5657276995305164,0.543254688445251,43,0.3333333333333333,0.2478524484063227,147
1545,SocioPatterns primary school,4A,M,sociopatterns_primary_school_component_0,55,20600.0,1030.0,0.22821576763485477,0.001136223998673032,0.5617715617715617,0.5959595959595959,43,0.3333333333333333,0.24603697061662666,148
1680,SocioPatterns primary school,1B,F,sociopatterns_primary_school_component_0,50,21920.0,1096.0,0.2074688796680498,0.0013895758958427512,0.5527522935779816,0.5134693877551021,39,0.3333333333333333,0.24518706289850384,149
1592,SocioPatterns primary school,5B,M,sociopatterns_primary_school_component_0,70,15380.0,769.0,0.29045643153526973,0.0020977620335365537,0.5835351089588378,0.558592132505176,47,0.3333333333333333,0.24285930858411853,150
1486,SocioPatterns primary school,5B,M,sociopatterns_primary_school_component_0,65,16540.0,827.0,0.2697095435684647,0.0021798666089784054,0.5751789976133651,0.5480769230769231,47,0.3333333333333333,0.2412041413785198,151
1661,SocioPatterns primary school,1B,F,sociopatterns_primary_school_component_0,33,26020.0,1301.0,0.13692946058091288,0.00022537500624452716,0.5262008733624454,0.7537878787878788,33,0.3333333333333333,0.2400225578828002,152
1427,SocioPatterns primary school,5B,F,sociopatterns_primary_school_component_0,47,14500.0,725.0,0.1950207468879668,0.0017045122762627794,0.5540229885057472,0.5735430157261795,38,0.5,0.23847094721222445,153
1723,SocioPatterns primary school,3A,M,sociopatterns_primary_school_component_0,68,15000.0,750.0,0.2821576763485477,0.0013411362816116601,0.5807228915662651,0.5781387181738367,47,0.3333333333333333,0.23797227031344642,154
1682,SocioPatterns primary school,1B,F,sociopatterns_primary_school_component_0,40,23400.0,1170.0,0.16597510373443983,0.0006715116517253389,0.5355555555555556,0.6358974358974359,36,0.3333333333333333,0.23765247118687216,155
1746,SocioPatterns primary school,Teachers,Unknown,sociopatterns_primary_school_component_0,51,12920.0,646.0,0.21161825726141079,0.0014571692393829387,0.5591647331786543,0.5858823529411765,43,0.5,0.23661688325714214,156
1681,SocioPatterns primary school,1B,M,sociopatterns_primary_school_component_0,43,22120.0,1106.0,0.17842323651452283,0.0011684167760748307,0.5415730337078651,0.5548172757475083,38,0.3333333333333333,0.2359406184997287,157
1709,SocioPatterns primary school,Teachers,Unknown,sociopatterns_primary_school_component_0,59,10140.0,507.0,0.24481327800829875,0.0018207789409852527,0.5697399527186762,0.5458796025715955,43,0.5,0.2349115633069844,158
1779,SocioPatterns primary school,1B,M,sociopatterns_primary_school_component_0,44,21480.0,1074.0,0.1825726141078838,0.0008187379225248252,0.5379464285714286,0.5602536997885835,38,0.3333333333333333,0.23423892479417385,159
1774,SocioPatterns primary school,1A,F,sociopatterns_primary_school_component_0,53,11540.0,577.0,0.21991701244813278,0.001679561299572042,0.5617715617715617,0.4847605224963715,43,0.5,0.23291596453503383,160
1778,SocioPatterns primary school,1A,F,sociopatterns_primary_school_component_0,62,8580.0,429.0,0.2572614107883817,0.0014289886310073015,0.5738095238095238,0.5383395029085141,47,0.5,0.23167270399249743,161
1580,SocioPatterns primary school,3B,M,sociopatterns_primary_school_component_0,44,20200.0,1010.0,0.1825726141078838,0.0007334944601842129,0.5427927927927928,0.6490486257928119,39,0.3333333333333333,0.2280537959166633,162
1738,SocioPatterns primary school,3A,F,sociopatterns_primary_school_component_0,52,17620.0,881.0,0.2157676348547718,0.0009679096169651419,0.5540229885057472,0.6206636500754148,43,0.3333333333333333,0.2272863995864542,163
1809,SocioPatterns primary school,3A,F,sociopatterns_primary_school_component_0,65,13460.0,673.0,0.2697095435684647,0.0020104457889270097,0.5751789976133651,0.5163461538461539,44,0.3333333333333333,0.2263283142692512,164
1516,SocioPatterns primary school,5A,M,sociopatterns_primary_school_component_0,56,16140.0,807.0,0.23236514522821577,0.0025379870169663318,0.5604651162790698,0.462987012987013,41,0.3333333333333333,0.22627770098320454,165
1604,SocioPatterns primary school,2A,F,sociopatterns_primary_school_component_0,56,15860.0,793.0,0.23236514522821577,0.0017519722599360174,0.5644028103044496,0.4974025974025974,41,0.3333333333333333,0.22477123049132042,166
1461,SocioPatterns primary school,5A,F,sociopatterns_primary_school_component_0,48,18220.0,911.0,0.1991701244813278,0.001364303148822533,0.5527522935779816,0.4796099290780142,41,0.3333333333333333,0.22444783724885886,167
1653,SocioPatterns primary school,Teachers,Unknown,sociopatterns_primary_school_component_0,46,11600.0,580.0,0.1908713692946058,0.001751856284782127,0.5527522935779816,0.45314009661835747,38,0.5,0.22305357718701524,168
1670,SocioPatterns primary school,1B,F,sociopatterns_primary_school_component_0,57,14940.0,747.0,0.23651452282157676,0.002643155008265343,0.5604651162790698,0.4442355889724311,41,0.3333333333333333,0.22196844156566342,169
1453,SocioPatterns primary school,5A,F,sociopatterns_primary_school_component_0,57,14980.0,749.0,0.23651452282157676,0.0013200207220943354,0.5657276995305164,0.5369674185463659,43,0.3333333333333333,0.2218965672142118,170
1820,SocioPatterns primary school,3A,M,sociopatterns_primary_school_component_0,54,15800.0,790.0,0.22406639004149378,0.0016928916826154355,0.5604651162790698,0.573025856044724,43,0.3333333333333333,0.22156572130182978,171
1451,SocioPatterns primary school,5A,F,sociopatterns_primary_school_component_0,53,15520.0,776.0,0.21991701244813278,0.0015271047596564446,0.5565819861431871,0.49927431059506533,41,0.3333333333333333,0.21873101421908359,172
1471,SocioPatterns primary school,5B,M,sociopatterns_primary_school_component_0,53,15480.0,774.0,0.21991701244813278,0.0011614753275778818,0.5565819861431871,0.602322206095791,41,0.3333333333333333,0.21846513582688531,173
1906,SocioPatterns primary school,2A,F,sociopatterns_primary_school_component_0,40,19320.0,966.0,0.16597510373443983,0.0010464358023164492,0.5403587443946188,0.5397435897435897,34,0.3333333333333333,0.2180667004271677,174
1650,SocioPatterns primary school,Teachers,Unknown,sociopatterns_primary_school_component_0,54,14920.0,746.0,0.22406639004149378,0.0036490810858638163,0.5565819861431871,0.46261355695317957,38,0.3333333333333333,0.21771640405526277,175
1858,SocioPatterns primary school,2B,F,sociopatterns_primary_school_component_0,51,15820.0,791.0,0.21161825726141079,0.0013100940478039875,0.5502283105022832,0.592156862745098,39,0.3333333333333333,0.21722869155472974,176
1687,SocioPatterns primary school,1B,F,sociopatterns_primary_school_component_0,43,18080.0,904.0,0.17842323651452283,0.0008734552090536722,0.5452488687782805,0.574750830564784,38,0.3333333333333333,0.21641362310228435,177
1495,SocioPatterns primary school,5A,M,sociopatterns_primary_school_component_0,59,12760.0,638.0,0.24481327800829875,0.0022772925997264987,0.5670588235294117,0.45412039742840443,43,0.3333333333333333,0.214294821834158,178
1712,SocioPatterns primary school,3B,F,sociopatterns_primary_school_component_0,56,13400.0,670.0,0.23236514522821577,0.0017090050668011369,0.5630841121495327,0.5564935064935065,43,0.3333333333333333,0.21290835794706509,179
1643,SocioPatterns primary school,2A,F,sociopatterns_primary_school_component_0,53,13780.0,689.0,0.21991701244813278,0.0010647255477101917,0.5552995391705069,0.5972423802612482,40,0.3333333333333333,0.21025380437515234,180
1570,SocioPatterns primary school,3B,F,sociopatterns_primary_school_component_0,51,14240.0,712.0,0.21161825726141079,0.0008078281971888256,0.5527522935779816,0.6415686274509804,43,0.3333333333333333,0.20951451440619495,181
1539,SocioPatterns primary school,4A,F,sociopatterns_primary_school_component_0,46,15520.0,776.0,0.1908713692946058,0.0008679578556966813,0.5452488687782805,0.5845410628019324,39,0.3333333333333333,0.2084332097345572,182
1737,SocioPatterns primary school,3A,M,sociopatterns_primary_school_component_0,47,14580.0,729.0,0.1950207468879668,0.00035925550414510875,0.5427927927927928,0.7335800185013877,43,0.3333333333333333,0.2052540675360327,183
1713,SocioPatterns primary school,2B,F,sociopatterns_primary_school_component_0,32,19080.0,954.0,0.13278008298755187,0.0003869062913940386,0.5,0.6794354838709677,30,0.3333333333333333,0.20516002222887697,184
1649,SocioPatterns primary school,2A,M,sociopatterns_primary_school_component_0,54,11880.0,594.0,0.22406639004149378,0.0025417337007693098,0.5617715617715617,0.44863731656184486,40,0.3333333333333333,0.20284574413876816,185
1741,SocioPatterns primary school,3A,M,sociopatterns_primary_school_component_0,60,9260.0,463.0,0.24896265560165975,0.0018760078549142412,0.5670588235294117,0.5254237288135594,43,0.3333333333333333,0.19880100278689655,186
1647,SocioPatterns primary school,2A,M,sociopatterns_primary_school_component_0,36,16280.0,814.0,0.14937759336099585,0.0007655552510308095,0.5285087719298246,0.5777777777777777,32,0.3333333333333333,0.19755220524672945,187
1668,SocioPatterns primary school,Teachers,Unknown,sociopatterns_primary_school_component_0,49,12300.0,615.0,0.2033195020746888,0.0011526660428687694,0.5552995391705069,0.5068027210884354,41,0.3333333333333333,0.19733042112952337,188
1877,SocioPatterns primary school,2B,F,sociopatterns_primary_school_component_0,35,16200.0,810.0,0.14522821576763487,0.0006689923017519241,0.5160599571734475,0.6621848739495798,30,0.3333333333333333,0.1956951054876322,189
1637,SocioPatterns primary school,5A,Unknown,sociopatterns_primary_school_component_0,35,16080.0,804.0,0.14522821576763487,0.00036504642339482793,0.5320088300220751,0.6487394957983194,35,0.3333333333333333,0.19505605879461302,190
1475,SocioPatterns primary school,5B,F,sociopatterns_primary_school_component_0,46,12700.0,635.0,0.1908713692946058,0.001488342648073766,0.5391498881431768,0.553623188405797,36,0.3333333333333333,0.19496823503536104,191
1872,SocioPatterns primary school,2B,F,sociopatterns_primary_school_component_0,35,15840.0,792.0,0.14522821576763487,0.0003941182975377113,0.5149572649572649,0.6890756302521008,30,0.3333333333333333,0.1939053581347462,192
1603,SocioPatterns primary school,2A,F,sociopatterns_primary_school_component_0,32,16240.0,812.0,0.13278008298755187,0.00045493869122892815,0.5320088300220751,0.6310483870967742,31,0.3333333333333333,0.1914882007982811,193
1616,SocioPatterns primary school,2A,F,sociopatterns_primary_school_component_0,38,14240.0,712.0,0.15767634854771784,0.0008024173529490113,0.5331858407079646,0.5362731152204836,34,0.3333333333333333,0.19063376418755446,194
1913,SocioPatterns primary school,2A,F,sociopatterns_primary_school_component_0,53,9300.0,465.0,0.21991701244813278,0.002477913263039965,0.5540229885057472,0.4085631349782293,39,0.3333333333333333,0.18894816127056985,195
1739,SocioPatterns primary school,2B,M,sociopatterns_primary_school_component_0,35,14400.0,720.0,0.14522821576763487,0.0005361095380244138,0.5138592750533049,0.6403361344537815,30,0.3333333333333333,0.1869946661746708,196
1630,SocioPatterns primary school,4B,M,sociopatterns_primary_school_component_0,63,5740.0,287.0,0.26141078838174275,0.004411499052428243,0.5697399527186762,0.3906810035842294,40,0.3333333333333333,0.1867027269905618,197
1504,SocioPatterns primary school,4A,F,sociopatterns_primary_school_component_0,33,14920.0,746.0,0.13692946058091288,0.0007256666108536853,0.5182795698924731,0.5662878787878788,31,0.3333333333333333,0.18663379584905745,198
1919,SocioPatterns primary school,2A,M,sociopatterns_primary_school_component_0,44,11560.0,578.0,0.1825726141078838,0.0011638086672607168,0.5440180586907449,0.53276955602537,36,0.3333333333333333,0.18650531750904237,199
1525,SocioPatterns primary school,4A,M,sociopatterns_primary_school_component_0,47,10380.0,519.0,0.1950207468879668,0.001376550585436052,0.5427927927927928,0.5078630897317299,38,0.3333333333333333,0.18521851344512053,200
1863,SocioPatterns primary school,2B,M,sociopatterns_primary_school_component_0,30,15460.0,773.0,0.12448132780082988,0.0003576629912864101,0.5171673819742489,0.7034482758620689,29,0.3333333333333333,0.1848055074801797,201
1854,SocioPatterns primary school,2B,F,sociopatterns_primary_school_component_0,47,9540.0,477.0,0.1950207468879668,0.0015862565254686554,0.5403587443946188,0.5041628122109159,38,0.3333333333333333,0.18121265201169295,202
1744,SocioPatterns primary school,3B,M,sociopatterns_primary_school_component_0,49,8900.0,445.0,0.2033195020746888,0.0011055834300188522,0.5502283105022832,0.5705782312925171,42,0.3333333333333333,0.1809370416154345,203
1917,SocioPatterns primary school,2A,F,sociopatterns_primary_school_component_0,34,13400.0,670.0,0.14107883817427386,0.0005315579786972245,0.5273522975929978,0.5686274509803921,32,0.3333333333333333,0.18072266106056464,204
1883,SocioPatterns primary school,2B,M,sociopatterns_primary_school_component_0,35,12400.0,620.0,0.14522821576763487,0.0004923425033272058,0.5171673819742489,0.6890756302521008,30,0.3333333333333333,0.1773482874786026,205
1880,SocioPatterns primary school,4B,M,sociopatterns_primary_school_component_0,45,9240.0,462.0,0.18672199170124482,0.0015430021823769065,0.5403587443946188,0.46565656565656566,34,0.3333333333333333,0.1768537930343526,206
1479,SocioPatterns primary school,5A,M,sociopatterns_primary_school_component_0,44,9440.0,472.0,0.1825726141078838,0.0010474819006589676,0.5452488687782805,0.5412262156448203,38,0.3333333333333333,0.17626616934924555,207
1632,SocioPatterns primary school,4B,F,sociopatterns_primary_school_component_0,47,8160.0,408.0,0.1950207468879668,0.0016900868482366462,0.5427927927927928,0.45790934320074006,34,0.3333333333333333,0.1745834566267477,208
1819,SocioPatterns primary school,4B,F,sociopatterns_primary_school_component_0,49,7500.0,375.0,0.2033195020746888,0.0018718814153455506,0.5440180586907449,0.43962585034013607,35,0.3333333333333333,0.1743439635101097,209
1435,SocioPatterns primary school,5B,M,sociopatterns_primary_school_component_0,39,10160.0,508.0,0.16182572614107885,0.0005151661474144741,0.5320088300220751,0.728744939271255,36,0.3333333333333333,0.17236784051430126,210
1831,SocioPatterns primary school,4B,F,sociopatterns_primary_school_component_0,39,9400.0,470.0,0.16182572614107885,0.0010397085077841492,0.5343680709534369,0.524966261808367,31,0.3333333333333333,0.16881045137650624,211
1519,SocioPatterns primary school,4A,F,sociopatterns_primary_school_component_0,41,8280.0,414.0,0.17012448132780084,0.0011238551254095913,0.5440180586907449,0.526829268292683,35,0.3333333333333333,0.16633477485347192,212
1483,SocioPatterns primary school,5A,F,sociopatterns_primary_school_component_0,49,5740.0,287.0,0.2033195020746888,0.0008920689383033018,0.5477272727272727,0.5782312925170068,41,0.3333333333333333,0.16566689076026794,213
1710,SocioPatterns primary school,2B,M,sociopatterns_primary_school_component_0,46,6580.0,329.0,0.1908713692946058,0.0007184605343475152,0.5502283105022832,0.629951690821256,38,0.3333333333333333,0.16532312522788178,214
1800,SocioPatterns primary school,3A,F,sociopatterns_primary_school_component_0,36,8320.0,416.0,0.14937759336099585,0.0003237642879809032,0.5296703296703297,0.7158730158730159,35,0.3333333333333333,0.15910609840338702,215
1618,SocioPatterns primary school,4A,Unknown,sociopatterns_primary_school_component_0,34,8860.0,443.0,0.14107883817427386,0.0009504234630005701,0.5193965517241379,0.5115864527629234,31,0.3333333333333333,0.15892902475110302,216
1897,SocioPatterns primary school,2B,F,sociopatterns_primary_school_component_0,30,10040.0,502.0,0.12448132780082988,0.0002520428054633148,0.4948665297741273,0.8,29,0.3333333333333333,0.15866641890947614,217
1824,SocioPatterns primary school,Teachers,Unknown,sociopatterns_primary_school_component_0,36,8180.0,409.0,0.14937759336099585,0.0005225107635738063,0.5355555555555556,0.6857142857142857,33,0.3333333333333333,0.15847121392826657,218
1836,SocioPatterns primary school,4B,M,sociopatterns_primary_school_component_0,40,6780.0,339.0,0.16597510373443983,0.001098014742290778,0.5285087719298246,0.5282051282051282,31,0.3333333333333333,0.15764910565232526,219
1888,SocioPatterns primary school,4B,M,sociopatterns_primary_school_component_0,33,8080.0,404.0,0.13692946058091288,0.0005789025369534693,0.5193965517241379,0.5700757575757576,27,0.3333333333333333,0.15364376454545703,220
1865,SocioPatterns primary school,4B,M,sociopatterns_primary_school_component_0,29,8740.0,437.0,0.12033195020746888,0.00039912779178864804,0.5116772823779193,0.6379310344827587,27,0.3333333333333333,0.15097909731113118,221
1760,SocioPatterns primary school,1A,F,sociopatterns_primary_school_component_0,30,8400.0,420.0,0.12448132780082988,0.00032986019479086407,0.5320088300220751,0.6137931034482759,30,0.3333333333333333,0.15077912965025608,222
1601,SocioPatterns primary school,4B,F,sociopatterns_primary_school_component_0,39,5280.0,264.0,0.16182572614107885,0.0010636221705188338,0.5367483296213809,0.5020242914979757,31,0.3333333333333333,0.14896172601344795,223
1521,SocioPatterns primary school,Teachers,Unknown,sociopatterns_primary_school_component_0,40,4520.0,226.0,0.16597510373443983,0.0018238131817854583,0.5391498881431768,0.46923076923076923,31,0.3333333333333333,0.1469037487635087,224
1538,SocioPatterns primary school,4A,F,sociopatterns_primary_school_component_0,26,8580.0,429.0,0.1078838174273859,0.00013167648667798166,0.5,0.8,25,0.3333333333333333,0.1457977505539497,225
1735,SocioPatterns primary school,3B,M,sociopatterns_primary_school_component_0,38,4940.0,247.0,0.15767634854771784,0.00034100012411811373,0.5296703296703297,0.6600284495021337,36,0.3333333333333333,0.14572652314733955,226
1770,SocioPatterns primary school,1A,F,sociopatterns_primary_school_component_0,31,6960.0,348.0,0.12863070539419086,0.0002921096615817462,0.5239130434782608,0.6731182795698925,30,0.3333333333333333,0.1452847714931179,227
1818,SocioPatterns primary school,4B,M,sociopatterns_primary_school_component_0,34,5440.0,272.0,0.14107883817427386,0.0007612770195420231,0.5273522975929978,0.5704099821746881,28,0.3333333333333333,0.14241085621800115,228
1524,SocioPatterns primary school,4A,F,sociopatterns_primary_school_component_0,23,8240.0,412.0,0.0954356846473029,2.939560906283122e-05,0.4839357429718876,0.924901185770751,23,0.3333333333333333,0.1397820516062457,229
1441,SocioPatterns primary school,5B,M,sociopatterns_primary_school_component_0,32,5400.0,270.0,0.13278008298755187,0.00014342800672956102,0.5052410901467506,0.8487903225806451,31,0.3333333333333333,0.13918996959430338,230
1511,SocioPatterns primary school,5A,M,sociopatterns_primary_school_component_0,39,3180.0,159.0,0.16182572614107885,0.0003299329174292198,0.5193965517241379,0.7300944669365722,36,0.3333333333333333,0.13869548160924483,231
1430,SocioPatterns primary school,5B,M,sociopatterns_primary_school_component_0,37,3760.0,188.0,0.15352697095435686,0.0003430758682117746,0.5262008733624454,0.6846846846846847,36,0.3333333333333333,0.13858845721789598,232
1807,SocioPatterns primary school,4B,F,sociopatterns_primary_school_component_0,29,6020.0,301.0,0.12033195020746888,0.0004632553047517994,0.5138592750533049,0.625615763546798,27,0.3333333333333333,0.13788475242050868,233
1753,SocioPatterns primary school,Teachers,Unknown,sociopatterns_primary_school_component_0,38,3260.0,163.0,0.15767634854771784,0.0009116376796593485,0.5355555555555556,0.5120910384068279,34,0.3333333333333333,0.13774504541557964,234
1892,SocioPatterns primary school,4B,M,sociopatterns_primary_school_component_0,30,5520.0,276.0,0.12448132780082988,0.0005808733423882528,0.5182795698924731,0.5701149425287356,27,0.3333333333333333,0.13695115186343015,235
1609,SocioPatterns primary school,2A,F,sociopatterns_primary_school_component_0,20,7760.0,388.0,0.08298755186721991,0.00011087457637026955,0.49183673469387756,0.7631578947368421,20,0.3333333333333333,0.13312847085728727,236
1715,SocioPatterns primary school,2B,F,sociopatterns_primary_school_component_0,22,6680.0,334.0,0.0912863070539419,2.7214282055222577e-06,0.470703125,0.9913419913419913,22,0.3333333333333333,0.13080708688687748,237
1803,SocioPatterns primary school,4B,M,sociopatterns_primary_school_component_0,24,5980.0,299.0,0.0995850622406639,0.00017400998413740634,0.4908350305498982,0.7789855072463768,24,0.3333333333333333,0.1303727400622215,238
1805,SocioPatterns primary school,4B,M,sociopatterns_primary_school_component_0,29,4460.0,223.0,0.12033195020746888,0.0003633866882410016,0.5073684210526316,0.6403940886699507,27,0.3333333333333333,0.1303474309716861,239
1799,SocioPatterns primary school,1A,Unknown,sociopatterns_primary_school_component_0,33,2600.0,130.0,0.13692946058091288,0.0002102080644049773,0.5296703296703297,0.6666666666666666,32,0.3333333333333333,0.12716293235873455,240
1750,SocioPatterns primary school,5B,M,sociopatterns_primary_school_component_0,21,5100.0,255.0,0.08713692946058091,0.0,0.46705426356589147,1.0,21,0.3333333333333333,0.12174053646514832,241
1910,SocioPatterns primary school,4B,F,sociopatterns_primary_school_component_0,21,4940.0,247.0,0.08713692946058091,0.00011650819752903244,0.4948665297741273,0.7285714285714285,21,0.3333333333333333,0.12099282808152381,242
